INSERT INTO `areas_experticias` (`id_area`, `nombre`, `descripcion`) VALUES
(1, 'Producción', 'Experto en reproducción de Tilapias'),
(2, 'Suelo', 'Experto en suelos apropiados para la crianza de peces'),
(3, 'Granja', 'Experto en producción de granjas'),
(4, 'Alimentación Acuifera', 'Experto en alimentación acuifera'),
(5, 'Alimentación de Peces', 'Experto en alimento de peces');

INSERT INTO `nosotros` (`id`, `entidad`, `mision`, `vision`, `imagen_entidad`, `imagen_mision`, `imagen_vision`) VALUES
(0, 'Somos un equipo conformado por emprendedores y profesionales que trabajan día a día para promover la productividad y competitividad de la cadena piscícola del Departamento de Sucre. Dicho equipo ha sido conformado en el marco de la Convocatoria del Fondo de CTeI del SGR para el fortalecimiento de capacidades de investigación y desarrollo regionales e iniciativas de CTeI y transferencia de tecnología y conocimiento orientadas a atender problemáticas derivadas del COVID-19 (Convocatoria No. 10. Plan Bienal de Convocatorias, agosto de 2020).', 'Implementar una plataforma tecnológica orientada a la promoción de la productividad y competitividad del sector piscícola, a través de la interacción social ágil y oportuna usando medios electrónicos (tecnología WEB y MÓVIL). Dicha plataforma se define como un sistema de comunicación digital que facilita la interacción directa entre productores, proveedores, comercializadores, asesores, consumidores y transportadores asociados a la cadena piscícola.', 'DORY, será la Plataforma tecnológica más destacada por su confiabilidad y servicios, representados mediante la interacción entre actores del sector piscícola del Departamento de Sucre. Adicionalmente, contará con un equipo integrado y comprometido con la actualización continua que garantice la transferencia tecnológica y de conocimiento, dando como resultado el incremento de la productividad y competitividad de la cadena Piscícola.', 'https://firebasestorage.googleapis.com/v0/b/dory-qa-83409.appspot.com/o/misionVision%2Fnosotros1665627109473?alt=media&token=c495f9c2-ef43-4803-8abd-1cdcbe2e19e2', 'https://firebasestorage.googleapis.com/v0/b/dory-qa-83409.appspot.com/o/misionVision%2Fnosotros1665627110754?alt=media&token=42bdad75-e45c-47a4-8c37-347e6f6d6913', 'https://firebasestorage.googleapis.com/v0/b/dory-qa-83409.appspot.com/o/misionVision%2Fnosotros1665627111890?alt=media&token=17a353dd-9833-4f0c-a975-b4a699621792');

INSERT INTO `sectores` (`id_sector`, `nombre`) VALUES
(1, 'Agrícola'),
(2, 'Piscícola'),
(3, 'Turístico'),
(4, 'Ganadero');

INSERT INTO `sender_solicitud` (`id_sender_solicitud`, `nombre`) VALUES
(1, 'usuario'),
(2, 'asociacion');

INSERT INTO `sexos` (`id`, `nombre`) VALUES
(1, 'Femenino '),
(2, 'Masculino');

INSERT INTO `sliders` (`id_slid`, `url_imagen`, `url_enlace`, `titulo`, `mostrar_titulo`, `url_imagen_movil`) VALUES
(1, 'https://firebasestorage.googleapis.com/v0/b/dory-qa-83409.appspot.com/o/sliderInicioFotos%2Ffoto5216146622905943618.jpg?alt=media&token=82d56ba3-f83a-4db4-b6f2-db22942ed640', 'https://forms.office.com/pages/responsepage.aspx?id=gcPCyy4vk02R0VBskxas5xPIcP7AIg5KspvE1VSHzNVUM09TWUVHSTRNQzRXMVdYRkdIUkVPSDNZVS4u', 'Ponencia', 0, NULL),
(2, 'https://firebasestorage.googleapis.com/v0/b/dory-qa-83409.appspot.com/o/sliderInicioFotos%2Ffoto1666795925598?alt=media&token=d4c7f350-b0bf-4e6e-9f0c-6a17eeb2e79a', 'https://xcongresocolacuicultura.com/', 'Congreso colombiano de Acuicultura', 0, NULL);

INSERT INTO `tiempoSlider` (`id`, `tiempo`) VALUES
(0, 5000);


INSERT INTO `tipos_asociaciones` (`id_tipo_asociacion`, `nombre`) VALUES
(1, 'Piscicultores'),
(2, 'Pescadores'),
(3, 'Mixta');

INSERT INTO `tipos_eventos` (`id_evento`, `nombre`, `descripcion`) VALUES
(1, 'Cursos', NULL),
(2, 'Seminarios', NULL),
(3, 'Talleres', NULL),
(4, 'Diplomados', NULL),
(5, 'Capacitaciones', NULL),
(6, 'Congresos', NULL);

INSERT INTO `tipos_normatividades` (`id_tipo`, `nombre`) VALUES
(1, 'Ley'),
(2, 'Decreto'),
(3, 'Resolución'),
(4, 'Estatuto');

INSERT INTO `tipos_novedades` (`id_tipo_novedad`, `nombre`) VALUES
(1, 'Articulo'),
(2, 'Articulo-Colombia'),
(3, 'Revista'),
(4, 'Noticia');

INSERT INTO `tipos_usuarios` (`id_tipo_usuario`, `nombre_tipo_usuario`) VALUES
(-1, 'Administrador'),
(1, 'Piscicultor'),
(2, 'Proveedor'),
(3, 'Consumidor'),
(4, 'Transportador'),
(5, 'Comerciante'),
(6, 'Investigador Experto'),
(7, 'Pescador');

INSERT INTO `tipo_mensaje` (`id`, `nombre`) VALUES
(1, 'privado'),
(2, 'grupal');

INSERT INTO `top_alert` (`id`, `texto`, `status`, `color`) VALUES
(0, 'Encuentra los productos ofrecidos por los proveedores para el sector pisc&#237;cola&#160;<a href=\"https://dory-web-app-pruebas.herokuapp.com/panel-busqueda/productos\" target=\"_blank\">&#161;Dale clic aqu&#237;!</a>&#160;', 1, '#c4ba94');

INSERT INTO `categorias` (`id_categoria`, `nombre_categoria`, `descripcion_categoria`) VALUES
(1, 'Acuicultura', 'Técnica de dirigir y fomentar la reproducción de peces, moluscos y algas en agua dulce o salada.'),
(2, 'Piscicultura', 'La piscicultura es la crianza de peces, término bajo el que se agrupan una gran diversidad de cultivos muy diferentes entre sí, en general denominados en función de la especie o la familia.'),
(3, 'Pesca', 'La pesca se define como aquella actividad que se realiza para extraer peces. Puede realizarse en aguas continentales o marítimas.');

INSERT INTO `conocenos` (`id`, `titulo`, `descripcion`) VALUES
(1, 'Conoce nuestro equipo', 'Somos un equipo de trabajo, conformado por 10 personas altamente integrados y capacitados, en la que se encuentran incorporados PhD, Magíster y Profesionales. Todos comprometidos con un mismo objetivo, el de lograr y desarrollar a plenitud una plataforma web de transferencia tecnológica, la cual permita la interacción de conocimientos e información. Con nuestros conocimientos y habilidades trabajamos en equipo para encontrar de manera eficiente mejoras al servicio, promoviendo la productividad y competitividad para el sector piscícola en el departamento de Sucre, contribuyendo de manera eficaz al bienestar, desarrollo y sostenibilidad.');

INSERT INTO `modalidades` (`id_modalidad`, `nombre`) VALUES
(1, 'Presencial'),
(2, 'Virtual-c'),
(3, 'Online'),
(4, 'Mixta');

INSERT INTO `departamentos` (`id_departamento`, `nombre_departamento`, `descripcion`) VALUES
(5, 'Antioquia', 'Antioquia es un departamento del noroeste de Colombia, que se sitúa en su mayor parte en la cordillera de los Andes y se extiende hacia el mar Caribe. En el centro del valle de Aburrá, la capital departamental, Medellín, alberga el imponente Museo de Antioquia. El museo exhibe obras del artista colombiano Fernando Botero, nativo de Medellín. Tiene vista desde lo alto a la Plaza Botero (Plaza de las Esculturas), que tiene muchas de sus esculturas.'),
(8, 'Atlántico', 'El Atlántico es uno de los treinta y dos departamentos que, junto a Bogotá, Distrito Capital, forman la República de Colombia. Su capital es Barranquilla. Ubicado en la región Caribe, limita al norte con el mar Caribe, al Oriente con el río Magdalena y al Sur y al Occidente con el departamento de Bolívar.'),
(11, 'Bogotá. D.C.', 'Bogotá, oficialmente Bogotá, Distrito Capital11​12​ (antiguamente, Santafé de Bogotá y originalmente, Santafé),13​nota 1​ es la capital de la República de Colombia y del departamento de Cundinamarca.'),
(13, 'Bolívar', 'Bolívar es uno de los treinta y dos departamentos que, junto con Bogotá, Distrito Capital, forman la República de Colombia. Su capital es Cartagena de Indias, sede de la asamblea departamental, mientras que en Turbaco se encuentra la sede de la gobernación.'),
(15, 'Boyacá', 'Boyacá es un departamento del centro de Colombia que se ubica principalmente dentro de la cordillera de los Andes oriental, bordeando Venezuela al noreste. Tiene ciudades coloniales que se destacan por su arquitectura y fue el lugar de victorias cruciales durante la lucha de Colombia por su independencia.'),
(17, 'Caldas', 'Caldas es uno de los treinta y dos departamentos que, junto con Bogotá, Distrito Capital, forman la República de Colombia. Su capital es Manizales.'),
(18, 'Caquetá', 'Caquetá es uno de los treinta y dos departamentos que, junto con Bogotá, Distrito Capital, forman la República de Colombia. Su capital es Florencia.'),
(19, 'Cauca', 'Cauca es uno de los treinta y dos departamentos que junto a Bogotá, Distrito Capital, conforman la República de Colombia. Su capital y ciudad más poblada es Popayán. Está ubicado al suroccidente del país entre las regiones andina y pacífica, limitando al norte con Valle del Cauca y Tolima, al oriente con Huila, al suroriente con Caquetá, al sur con Putumayo y Nariño, y al noroccidente con el océano Pacífico.'),
(20, 'Cesar', 'Cesar es uno de los treinta y dos departamentos que, junto con Bogotá, forman la República de Colombia. Su capital es Valledupar. Está ubicado al noreste del país, en las regiones Andina y Caribe, limitando al norte con La Guajira, al este con Venezuela, al sureste con Norte de Santander, al sur con Santander, al suroeste con Bolívar y al oeste con Magdalena.'),
(23, 'Córdoba', 'Córdoba es uno de los 32 departamentos que, junto con Bogotá, Distrito Capital, forman la República de Colombia. Su capital es Montería.'),
(25, 'Cundinamarca', 'Cundinamarca es una región central de Colombia en torno a Bogotá, la extensa capital del país que se encuentra a gran altura. La Candelaria, el centro con adoquines de la ciudad, tiene lugares de la era colonial, como el Teatro Colón, de estilo neoclásico, y la Iglesia de San Francisco del siglo XVII. También cuenta con el Museo Botero, que exhibe el arte de Fernando Botero, y el Museo del Oro, con piezas de oro precolombinas.'),
(27, 'Chocó', 'Chocó es uno de los treinta y dos departamentos que, junto con Bogotá, Distrito Capital, forman la República de Colombia. Su capital es Quibdó.'),
(41, 'Huila', 'El Departamento del Huila, es uno de los treinta y dos departamentos que, junto con Bogotá, Distrito Capital, componen el territorio de la República de Colombia. Se localiza en el al suroeste del país, haciendo parte de la región Andina. ... La densidad de población en Huila es de 58,77 hab/Km².'),
(44, 'La Guajira', 'Guajira es uno de los treinta y dos departamentos que, junto con Bogotá, Distrito Capital, forman la República de Colombia. Su capital es Riohacha. Está ubicado en el extremo noreste del país, en la región Caribe, limitando al norte y este con el mar Caribe (océano Atlántico), al sureste con Venezuela, al sur con el departamento del Cesar y al oeste con el del Magdalena. Su territorio está constituido por la península de La Guajira, en su centro por una bajiplanicie; y al sur con partes de la sierra Nevada, la serranía del Perijá y la planicie aluvial de los ríos Ranchería y Cesar. Está conformada por 15 municipios. Desde la década de 1970 ha sido punto de llegada de movimientos poblacionales e inmigraciones de países de Medio Oriente, hecho que ha ocasionado un crecimiento poblacional acelerado que a su vez genera una riqueza demográfica. En su territorio se encuentran tres parques naturales, cinco pueblos indígenas y una gran comunidad árabe que ha tenido un trascendental papel en su economía.'),
(47, 'Magdalena', 'El Magdalena nace en la laguna de la Magdalena en el Páramo de las Papas, al sur del parque nacional Natural Puracé en el límite entre los departamentos del Huila y el Cauca. ... El río posee una cuenca de unos 250 000 km², la cual en su parte media (Magdalena Medio), es la gran reserva de hidrocarburos del país.'),
(50, 'Meta', 'Meta es uno de los treinta y dos departamentos que, junto con Bogotá, Distrito Capital, forman la República de Colombia. Su capital es Villavicencio. ... ​ Posee una gran riqueza hídrica debido a los numerosos afluentes del río Orinoco que cruzan el departamento y que nacen en la Cordillera Oriental.'),
(52, 'Nariño', 'Nariño presenta una geografía diversa y clima variado según las altitudes: caluroso en la planicie del Pacífico y frío en la parte montañosa, donde vive la mayor parte de la población, situación que se repite en sentido norte-sur. El departamento es esencialmente agrícola y ganadero.'),
(54, 'Norte de Santander', 'Norte de Santander es uno de los 32 departamentos de Colombia. Está ubicado en la zona nororiental del país, sobre la frontera con Venezuela. Se localiza geográficamente entre los 06 grados 56 min 42 seg y 09 grados 18 min 01 seg de latitud norte y los 72 grados 01 min 13 seg y 73 grados 38 min 25 seg de longitud oeste.'),
(63, 'Quindió', 'El Departamento de Quindío está ubicado en la parte centro - occidental del país, localizado entre los 04 grados 04 min 41 seg y 04 grados 43 min 18 seg de latitud norte y entre los 75 grados 23 min 41 seg y 75 grados 53 min 56 seg de longitud oeste. Cuenta con una superficie de 1.845 km2 lo que representa el 0.16% del territorio nacional.'),
(66, 'Risaralda', 'El Departamento de Risaralda está situado en el centro occidente de la región andina; localizado entre los 05 grados 30 min 00 seg y 04 grados 41min 36seg de latitud norte, y entre los 75grados 23min 49seg y 76 grados 18min 27seg de longitud oeste. Cuenta con una superficie de 4.140 km2 lo que representa el 0.36 % del territorio nacional.'),
(68, 'Santander', 'Su capital es Bucaramanga. Está ubicado al noreste del país, en la región andina, limitando al norte con Cesar y Norte de Santander, al este y sur con Boyacá, al oeste con Antioquia y al noroeste con Bolívar. ​ Con unos 2 280 908 habitantes en 2018 es el sexto departamento por tamaño de población.'),
(70, 'Sucre', 'Sucre es uno de los treinta y dos departamentos que, junto con Bogotá, Distrito Capital, forman la República de Colombia. Su capital es Sincelejo. Está ubicado al norte del país, en la región Caribe, limitando al norte con el mar Caribe, al este con Bolívar y al oeste con Córdoba.'),
(73, 'Tolima', 'El Departamento de Tolima está ubicado en el centro del país, tiene 47 municipios y limita con los departamentos Caldas, Quindío, Risaralda y Valle del Cauca. Se caracteriza por tener cordilleras, redes hidrográficas y relieves volcánicos.'),
(76, 'Valle del cauca', 'El Valle del Cauca es una de las regiones más ricas y de mayor desarrollo de la República de Colombia. ... El Valle del Cauca tiene características climáticas variadas, siendo los 25 grados centígrados la temperatura promedio, para un altura de 1000m sobre el nivel del mar.'),
(81, 'Arauca', 'Arauca es uno de los treinta y dos departamentos que, junto con Bogotá, Distrito Capital, forman la República de Colombia. Su capital es la homónima Arauca. Está ubicado al este del país, en la región Orinoquía, limitando al norte y este con Venezuela, al sur con Vichada y Casanare, y al oeste con Boyacá.​'),
(85, 'Casanare', 'Casanare es uno de los treinta y dos departamentos que, junto con Bogotá, Distrito Capital, forman la República de Colombia. Su capital es Yopal. Está ubicado en la región Orinoquía, limitando al norte con Arauca, al este con Vichada, al sur con Meta, al oeste con Cundinamarca y al noroeste con Boyacá.'),
(86, 'Putumayo', 'Putumayo es uno de los treinta y dos departamentos que, junto con Bogotá, Distrito Capital, forman la República de Colombia. Su capital es Mocoa y su ciudad más poblada es Puerto Asís.'),
(88, 'San Andrés', 'Es una pequeña isla colombiana, ubicada en el mar Caribe o mar de las Antillas, que pertenece al Archipiélago de San Andrés, Providencia y Santa Catalina y administrativamente al departamento del mismo nombre.'),
(91, 'Amazonas', 'Amazonas es uno de los treinta y dos departamentos que, junto con Bogotá, Distrito Capital, forman la República de Colombia. Su capital es Leticia. Está ubicado en el extremo sur del país, en gran parte al sur de la línea ecuatorial, en la región Amazonia.'),
(94, 'Guainía', 'Guainía (idioma yurí: \"Tierra de muchas aguas\") es uno de los treinta y dos departamentos que, junto con Bogotá, Distrito Capital, forman la República de colombia.  Su capital es Inírida. Está ubicado al este del país, en la región Amazonia, limitando al norte con Vichada, al este con Venezuela, al sur con Brasil, al suroeste con Vaupés y al oeste con Guaviare. Con 72 238 km² es el quinto departamento más extenso —por detrás de Amazonas, Vichada, Caquetá y Meta—, con unos 40 000 habitantes en 2015, el menos poblado, y con 0,56 hab/km², el menos densamente poblado. Antiguamente era una comisaría, pero desde 1991 es oficialmente un departamento.'),
(95, 'Guaviare', 'Guaviare es uno de los treinta y dos departamentos que, junto con Bogotá, Distrito Capital, forman la República de Colombia. ... Su capital es San José del Guaviare. Está ubicado en la región Amazonia, limitando al norte con Meta, al noreste con Vichada y al sur con Vaupés y Caquetá.'),
(97, 'Vaupés', 'Vaupés es uno de los treinta y dos departamentos que, junto con Bogotá, Distrito Capital, forman la República de Colombia. Su capital es Mitú. Está ubicado al sureste del país, en la región Amazonía, limitando al norte con el Guaviare y Guainía, al este con Brasil, al sur con Amazonas y al oeste con el Caquetá.'),
(99, 'Vichada', 'Vichada es uno de los treinta y dos departamentos que, junto con Bogotá, Distrito Capital, forman la República de Colombia. Su capital es Puerto Carreño. Está ubicado al este del país, en las regiones Orinoquía y Amazonia, limitando al limitando al norte con Casanare y Arauca, al norte y este con Venezuela, al sur con Guainía, al suroeste con Guaviare y al oeste con Meta. Dentro de este departamento se encuentra el Parque nacional El Tuparro.');

INSERT INTO `subregiones` (`id_subregion`, `nombre`, `id_departamento_fk`) VALUES
(1, 'La Mojana', 70),
(2, 'Montes de Maria', 70),
(3, 'Sabanas', 70),
(4, 'San Jorge', 70),
(5, 'Morrosquillo', 70);

INSERT INTO `municipios` (`id_municipio`, `nombre`, `descripcion`, `poblacion`, `id_departamento_fk`, `id_subregion_fk`, `latitud`, `longitud`) VALUES
(5001, 'Medellín', '', 0, 5, NULL, NULL, NULL),
(5002, 'Abejorral', '', 0, 5, NULL, NULL, NULL),
(5004, 'Abriaquí', '', 0, 5, NULL, NULL, NULL),
(5021, 'Alejandría', '', 0, 5, NULL, NULL, NULL),
(5030, 'Amagá', '', 0, 5, NULL, NULL, NULL),
(5031, 'Amalfi', '', 0, 5, NULL, NULL, NULL),
(5034, 'Andes', '', 0, 5, NULL, NULL, NULL),
(5036, 'Angelópolis', '', 0, 5, NULL, NULL, NULL),
(5038, 'Angostura', '', 0, 5, NULL, NULL, NULL),
(5040, 'Anorí', '', 0, 5, NULL, NULL, NULL),
(5042, 'Santa Fé De Antioquia', '', 0, 5, NULL, NULL, NULL),
(5044, 'Anzá', '', 0, 5, NULL, NULL, NULL),
(5045, 'Apartadó', '', 0, 5, NULL, NULL, NULL),
(5051, 'Arboletes', '', 0, 5, NULL, NULL, NULL),
(5055, 'Argelia', '', 0, 5, NULL, NULL, NULL),
(5059, 'Armenia', '', 0, 5, NULL, NULL, NULL),
(5079, 'Barbosa', '', 0, 5, NULL, NULL, NULL),
(5086, 'Belmira', '', 0, 5, NULL, NULL, NULL),
(5088, 'Bello', '', 0, 5, NULL, NULL, NULL),
(5091, 'Betania', '', 0, 5, NULL, NULL, NULL),
(5093, 'Betulia', '', 0, 5, NULL, NULL, NULL),
(5101, 'Ciudad Bolívar', '', 0, 5, NULL, NULL, NULL),
(5107, 'Briceño', '', 0, 5, NULL, NULL, NULL),
(5113, 'Buriticá', '', 0, 5, NULL, NULL, NULL),
(5120, 'Cáceres', '', 0, 5, NULL, NULL, NULL),
(5125, 'Caicedo', '', 0, 5, NULL, NULL, NULL),
(5129, 'Caldas', '', 0, 5, NULL, NULL, NULL),
(5134, 'Campamento', '', 0, 5, NULL, NULL, NULL),
(5138, 'Cañasgordas', '', 0, 5, NULL, NULL, NULL),
(5142, 'Caracolí', '', 0, 5, NULL, NULL, NULL),
(5145, 'Caramanta', '', 0, 5, NULL, NULL, NULL),
(5147, 'Carepa', '', 0, 5, NULL, NULL, NULL),
(5148, 'El Carmen De Viboral', '', 0, 5, NULL, NULL, NULL),
(5150, 'Carolina', '', 0, 5, NULL, NULL, NULL),
(5154, 'Caucasia', '', 0, 5, NULL, NULL, NULL),
(5172, 'Chigorodó', '', 0, 5, NULL, NULL, NULL),
(5190, 'Cisneros', '', 0, 5, NULL, NULL, NULL),
(5197, 'Cocorná', '', 0, 5, NULL, NULL, NULL),
(5206, 'Concepción', '', 0, 5, NULL, NULL, NULL),
(5209, 'Concordia', '', 0, 5, NULL, NULL, NULL),
(5212, 'Copacabana', '', 0, 5, NULL, NULL, NULL),
(5234, 'Dabeiba', '', 0, 5, NULL, NULL, NULL),
(5237, 'Donmatías', '', 0, 5, NULL, NULL, NULL),
(5240, 'Ebéjico', '', 0, 5, NULL, NULL, NULL),
(5250, 'El Bagre', '', 0, 5, NULL, NULL, NULL),
(5264, 'Entrerríos', '', 0, 5, NULL, NULL, NULL),
(5266, 'Envigado', '', 0, 5, NULL, NULL, NULL),
(5282, 'Fredonia', '', 0, 5, NULL, NULL, NULL),
(5284, 'Frontino', '', 0, 5, NULL, NULL, NULL),
(5306, 'Giraldo', '', 0, 5, NULL, NULL, NULL),
(5308, 'Girardota', '', 0, 5, NULL, NULL, NULL),
(5310, 'Gómez Plata', '', 0, 5, NULL, NULL, NULL),
(5313, 'Granada', '', 0, 5, NULL, NULL, NULL),
(5315, 'Guadalupe', '', 0, 5, NULL, NULL, NULL),
(5318, 'Guarne', '', 0, 5, NULL, NULL, NULL),
(5321, 'Guatapé', '', 0, 5, NULL, NULL, NULL),
(5347, 'Heliconia', '', 0, 5, NULL, NULL, NULL),
(5353, 'Hispania', '', 0, 5, NULL, NULL, NULL),
(5360, 'Itagüí', '', 0, 5, NULL, NULL, NULL),
(5361, 'Ituango', '', 0, 5, NULL, NULL, NULL),
(5364, 'Jardín', '', 0, 5, NULL, NULL, NULL),
(5368, 'Jericó', '', 0, 5, NULL, NULL, NULL),
(5376, 'La Ceja', '', 0, 5, NULL, NULL, NULL),
(5380, 'La Estrella', '', 0, 5, NULL, NULL, NULL),
(5390, 'La Pintada', '', 0, 5, NULL, NULL, NULL),
(5400, 'La Unión', '', 0, 5, NULL, NULL, NULL),
(5411, 'Liborina', '', 0, 5, NULL, NULL, NULL),
(5425, 'Maceo', '', 0, 5, NULL, NULL, NULL),
(5440, 'Marinilla', '', 0, 5, NULL, NULL, NULL),
(5467, 'Montebello', '', 0, 5, NULL, NULL, NULL),
(5475, 'Murindó', '', 0, 5, NULL, NULL, NULL),
(5480, 'Mutatá', '', 0, 5, NULL, NULL, NULL),
(5483, 'Nariño', '', 0, 5, NULL, NULL, NULL),
(5490, 'Necoclí', '', 0, 5, NULL, NULL, NULL),
(5495, 'Nechí', '', 0, 5, NULL, NULL, NULL),
(5501, 'Olaya', '', 0, 5, NULL, NULL, NULL),
(5541, 'Peñol', '', 0, 5, NULL, NULL, NULL),
(5543, 'Peque', '', 0, 5, NULL, NULL, NULL),
(5576, 'Pueblorrico', '', 0, 5, NULL, NULL, NULL),
(5579, 'Puerto Berrío', '', 0, 5, NULL, NULL, NULL),
(5585, 'Puerto Nare', '', 0, 5, NULL, NULL, NULL),
(5591, 'Puerto Triunfo', '', 0, 5, NULL, NULL, NULL),
(5604, 'Remedios', '', 0, 5, NULL, NULL, NULL),
(5607, 'Retiro', '', 0, 5, NULL, NULL, NULL),
(5615, 'Rionegro', '', 0, 5, NULL, NULL, NULL),
(5628, 'Sabanalarga', '', 0, 5, NULL, NULL, NULL),
(5631, 'Sabaneta', '', 0, 5, NULL, NULL, NULL),
(5642, 'Salgar', '', 0, 5, NULL, NULL, NULL),
(5647, 'San Andrés De Cuerquía', '', 0, 5, NULL, NULL, NULL),
(5649, 'San Carlos', '', 0, 5, NULL, NULL, NULL),
(5652, 'San Francisco', '', 0, 5, NULL, NULL, NULL),
(5656, 'San Jerónimo', '', 0, 5, NULL, NULL, NULL),
(5658, 'San José De La Montaña', '', 0, 5, NULL, NULL, NULL),
(5659, 'San Juan De Urabá', '', 0, 5, NULL, NULL, NULL),
(5660, 'San Luis', '', 0, 5, NULL, NULL, NULL),
(5664, 'San Pedro De Los Milagros', '', 0, 5, NULL, NULL, NULL),
(5665, 'San Pedro De Urabá', '', 0, 5, NULL, NULL, NULL),
(5667, 'San Rafael', '', 0, 5, NULL, NULL, NULL),
(5670, 'San Roque', '', 0, 5, NULL, NULL, NULL),
(5674, 'San Vicente Ferrer', '', 0, 5, NULL, NULL, NULL),
(5679, 'Santa Bárbara', '', 0, 5, NULL, NULL, NULL),
(5686, 'Santa Rosa De Osos', '', 0, 5, NULL, NULL, NULL),
(5690, 'Santo Domingo', '', 0, 5, NULL, NULL, NULL),
(5697, 'El Santuario', '', 0, 5, NULL, NULL, NULL),
(5736, 'Segovia', '', 0, 5, NULL, NULL, NULL),
(5756, 'Sonsón', '', 0, 5, NULL, NULL, NULL),
(5761, 'Sopetrán', '', 0, 5, NULL, NULL, NULL),
(5789, 'Támesis', '', 0, 5, NULL, NULL, NULL),
(5790, 'Tarazá', '', 0, 5, NULL, NULL, NULL),
(5792, 'Tarso', '', 0, 5, NULL, NULL, NULL),
(5809, 'Titiribí', '', 0, 5, NULL, NULL, NULL),
(5819, 'Toledo', '', 0, 5, NULL, NULL, NULL),
(5837, 'Turbo', '', 0, 5, NULL, NULL, NULL),
(5842, 'Uramita', '', 0, 5, NULL, NULL, NULL),
(5847, 'Urrao', '', 0, 5, NULL, NULL, NULL),
(5854, 'Valdivia', '', 0, 5, NULL, NULL, NULL),
(5856, 'Valparaíso', '', 0, 5, NULL, NULL, NULL),
(5858, 'Vegachí', '', 0, 5, NULL, NULL, NULL),
(5861, 'Venecia', '', 0, 5, NULL, NULL, NULL),
(5873, 'Vigía Del Fuerte', '', 0, 5, NULL, NULL, NULL),
(5885, 'Yalí', '', 0, 5, NULL, NULL, NULL),
(5887, 'Yarumal', '', 0, 5, NULL, NULL, NULL),
(5890, 'Yolombó', '', 0, 5, NULL, NULL, NULL),
(5893, 'Yondó', '', 0, 5, NULL, NULL, NULL),
(5895, 'Zaragoza', '', 0, 5, NULL, NULL, NULL),
(8001, 'Barranquilla', '', 0, 8, NULL, NULL, NULL),
(8078, 'Baranoa', '', 0, 8, NULL, NULL, NULL),
(8137, 'Campo De La Cruz', '', 0, 8, NULL, NULL, NULL),
(8141, 'Candelaria', '', 0, 8, NULL, NULL, NULL),
(8296, 'Galapa', '', 0, 8, NULL, NULL, NULL),
(8372, 'Juan De Acosta', '', 0, 8, NULL, NULL, NULL),
(8421, 'Luruaco', '', 0, 8, NULL, NULL, NULL),
(8433, 'Malambo', '', 0, 8, NULL, NULL, NULL),
(8436, 'Manatí', '', 0, 8, NULL, NULL, NULL),
(8520, 'Palmar De Varela', '', 0, 8, NULL, NULL, NULL),
(8549, 'Piojó', '', 0, 8, NULL, NULL, NULL),
(8558, 'Polonuevo', '', 0, 8, NULL, NULL, NULL),
(8560, 'Ponedera', '', 0, 8, NULL, NULL, NULL),
(8573, 'Puerto Colombia', '', 0, 8, NULL, NULL, NULL),
(8606, 'Repelón', '', 0, 8, NULL, NULL, NULL),
(8634, 'Sabanagrande', '', 0, 8, NULL, NULL, NULL),
(8638, 'Sabanalarga', '', 0, 8, NULL, NULL, NULL),
(8675, 'Santa Lucía', '', 0, 8, NULL, NULL, NULL),
(8685, 'Santo Tomás', '', 0, 8, NULL, NULL, NULL),
(8758, 'Soledad', '', 0, 8, NULL, NULL, NULL),
(8770, 'Suan', '', 0, 8, NULL, NULL, NULL),
(8832, 'Tubará', '', 0, 8, NULL, NULL, NULL),
(8849, 'Usiacurí', '', 0, 8, NULL, NULL, NULL),
(11001, 'Bogotá. D.C.', '', 0, 11, NULL, NULL, NULL),
(13001, 'Cartagena De Indias', '', 0, 13, NULL, NULL, NULL),
(13006, 'Achí', '', 0, 13, NULL, NULL, NULL),
(13030, 'Altos Del Rosario', '', 0, 13, NULL, NULL, NULL),
(13042, 'Arenal', '', 0, 13, NULL, NULL, NULL),
(13052, 'Arjona', '', 0, 13, NULL, NULL, NULL),
(13062, 'Arroyohondo', '', 0, 13, NULL, NULL, NULL),
(13074, 'Barranco De Loba', '', 0, 13, NULL, NULL, NULL),
(13140, 'Calamar', '', 0, 13, NULL, NULL, NULL),
(13160, 'Cantagallo', '', 0, 13, NULL, NULL, NULL),
(13188, 'Cicuco', '', 0, 13, NULL, NULL, NULL),
(13212, 'Córdoba', '', 0, 13, NULL, NULL, NULL),
(13222, 'Clemencia', '', 0, 13, NULL, NULL, NULL),
(13244, 'El Carmen De Bolívar', '', 0, 13, NULL, NULL, NULL),
(13248, 'El Guamo', '', 0, 13, NULL, NULL, NULL),
(13268, 'El Peñón', '', 0, 13, NULL, NULL, NULL),
(13300, 'Hatillo De Loba', '', 0, 13, NULL, NULL, NULL),
(13430, 'Magangué', '', 0, 13, NULL, NULL, NULL),
(13433, 'Mahates', '', 0, 13, NULL, NULL, NULL),
(13440, 'Margarita', '', 0, 13, NULL, NULL, NULL),
(13442, 'María La Baja', '', 0, 13, NULL, NULL, NULL),
(13458, 'Montecristo', '', 0, 13, NULL, NULL, NULL),
(13468, 'Santa Cruz De Mompox', '', 0, 13, NULL, NULL, NULL),
(13473, 'Morales', '', 0, 13, NULL, NULL, NULL),
(13490, 'Norosí', '', 0, 13, NULL, NULL, NULL),
(13549, 'Pinillos', '', 0, 13, NULL, NULL, NULL),
(13580, 'Regidor', '', 0, 13, NULL, NULL, NULL),
(13600, 'Río Viejo', '', 0, 13, NULL, NULL, NULL),
(13620, 'San Cristóbal', '', 0, 13, NULL, NULL, NULL),
(13647, 'San Estanislao', '', 0, 13, NULL, NULL, NULL),
(13650, 'San Fernando', '', 0, 13, NULL, NULL, NULL),
(13654, 'San Jacinto', '', 0, 13, NULL, NULL, NULL),
(13655, 'San Jacinto Del Cauca', '', 0, 13, NULL, NULL, NULL),
(13657, 'San Juan Nepomuceno', '', 0, 13, NULL, NULL, NULL),
(13667, 'San Martín De Loba', '', 0, 13, NULL, NULL, NULL),
(13670, 'San Pablo', '', 0, 13, NULL, NULL, NULL),
(13673, 'Santa Catalina', '', 0, 13, NULL, NULL, NULL),
(13683, 'Santa Rosa', '', 0, 13, NULL, NULL, NULL),
(13688, 'Santa Rosa Del Sur', '', 0, 13, NULL, NULL, NULL),
(13744, 'Simití', '', 0, 13, NULL, NULL, NULL),
(13760, 'Soplaviento', '', 0, 13, NULL, NULL, NULL),
(13780, 'Talaigua Nuevo', '', 0, 13, NULL, NULL, NULL),
(13810, 'Tiquisio', '', 0, 13, NULL, NULL, NULL),
(13836, 'Turbaco', '', 0, 13, NULL, NULL, NULL),
(13838, 'Turbaná', '', 0, 13, NULL, NULL, NULL),
(13873, 'Villanueva', '', 0, 13, NULL, NULL, NULL),
(13894, 'Zambrano', '', 0, 13, NULL, NULL, NULL),
(15001, 'Tunja', '', 0, 15, NULL, NULL, NULL),
(15022, 'Almeida', '', 0, 15, NULL, NULL, NULL),
(15047, 'Aquitania', '', 0, 15, NULL, NULL, NULL),
(15051, 'Arcabuco', '', 0, 15, NULL, NULL, NULL),
(15087, 'Belén', '', 0, 15, NULL, NULL, NULL),
(15090, 'Berbeo', '', 0, 15, NULL, NULL, NULL),
(15092, 'Betéitiva', '', 0, 15, NULL, NULL, NULL),
(15097, 'Boavita', '', 0, 15, NULL, NULL, NULL),
(15104, 'Boyacá', '', 0, 15, NULL, NULL, NULL),
(15106, 'Briceño', '', 0, 15, NULL, NULL, NULL),
(15109, 'Buenavista', '', 0, 15, NULL, NULL, NULL),
(15114, 'Busbanzá', '', 0, 15, NULL, NULL, NULL),
(15131, 'Caldas', '', 0, 15, NULL, NULL, NULL),
(15135, 'Campohermoso', '', 0, 15, NULL, NULL, NULL),
(15162, 'Cerinza', '', 0, 15, NULL, NULL, NULL),
(15172, 'Chinavita', '', 0, 15, NULL, NULL, NULL),
(15176, 'Chiquinquirá', '', 0, 15, NULL, NULL, NULL),
(15180, 'Chiscas', '', 0, 15, NULL, NULL, NULL),
(15183, 'Chita', '', 0, 15, NULL, NULL, NULL),
(15185, 'Chitaraque', '', 0, 15, NULL, NULL, NULL),
(15187, 'Chivatá', '', 0, 15, NULL, NULL, NULL),
(15189, 'Ciénega', '', 0, 15, NULL, NULL, NULL),
(15204, 'Cómbita', '', 0, 15, NULL, NULL, NULL),
(15212, 'Coper', '', 0, 15, NULL, NULL, NULL),
(15215, 'Corrales', '', 0, 15, NULL, NULL, NULL),
(15218, 'Covarachía', '', 0, 15, NULL, NULL, NULL),
(15223, 'Cubará', '', 0, 15, NULL, NULL, NULL),
(15224, 'Cucaita', '', 0, 15, NULL, NULL, NULL),
(15226, 'Cuítiva', '', 0, 15, NULL, NULL, NULL),
(15232, 'Chíquiza', '', 0, 15, NULL, NULL, NULL),
(15236, 'Chivor', '', 0, 15, NULL, NULL, NULL),
(15238, 'Duitama', '', 0, 15, NULL, NULL, NULL),
(15244, 'El Cocuy', '', 0, 15, NULL, NULL, NULL),
(15248, 'El Espino', '', 0, 15, NULL, NULL, NULL),
(15272, 'Firavitoba', '', 0, 15, NULL, NULL, NULL),
(15276, 'Floresta', '', 0, 15, NULL, NULL, NULL),
(15293, 'Gachantivá', '', 0, 15, NULL, NULL, NULL),
(15296, 'Gámeza', '', 0, 15, NULL, NULL, NULL),
(15299, 'Garagoa', '', 0, 15, NULL, NULL, NULL),
(15317, 'Guacamayas', '', 0, 15, NULL, NULL, NULL),
(15322, 'Guateque', '', 0, 15, NULL, NULL, NULL),
(15325, 'Guayatá', '', 0, 15, NULL, NULL, NULL),
(15332, 'Güicán De La Sierra', '', 0, 15, NULL, NULL, NULL),
(15362, 'Iza', '', 0, 15, NULL, NULL, NULL),
(15367, 'Jenesano', '', 0, 15, NULL, NULL, NULL),
(15368, 'Jericó', '', 0, 15, NULL, NULL, NULL),
(15377, 'Labranzagrande', '', 0, 15, NULL, NULL, NULL),
(15380, 'La Capilla', '', 0, 15, NULL, NULL, NULL),
(15401, 'La Victoria', '', 0, 15, NULL, NULL, NULL),
(15403, 'La Uvita', '', 0, 15, NULL, NULL, NULL),
(15407, 'Villa De Leyva', '', 0, 15, NULL, NULL, NULL),
(15425, 'Macanal', '', 0, 15, NULL, NULL, NULL),
(15442, 'Maripí', '', 0, 15, NULL, NULL, NULL),
(15455, 'Miraflores', '', 0, 15, NULL, NULL, NULL),
(15464, 'Mongua', '', 0, 15, NULL, NULL, NULL),
(15466, 'Monguí', '', 0, 15, NULL, NULL, NULL),
(15469, 'Moniquirá', '', 0, 15, NULL, NULL, NULL),
(15476, 'Motavita', '', 0, 15, NULL, NULL, NULL),
(15480, 'Muzo', '', 0, 15, NULL, NULL, NULL),
(15491, 'Nobsa', '', 0, 15, NULL, NULL, NULL),
(15494, 'Nuevo Colón', '', 0, 15, NULL, NULL, NULL),
(15500, 'Oicatá', '', 0, 15, NULL, NULL, NULL),
(15507, 'Otanche', '', 0, 15, NULL, NULL, NULL),
(15511, 'Pachavita', '', 0, 15, NULL, NULL, NULL),
(15514, 'Páez', '', 0, 15, NULL, NULL, NULL),
(15516, 'Paipa', '', 0, 15, NULL, NULL, NULL),
(15518, 'Pajarito', '', 0, 15, NULL, NULL, NULL),
(15522, 'Panqueba', '', 0, 15, NULL, NULL, NULL),
(15531, 'Pauna', '', 0, 15, NULL, NULL, NULL),
(15533, 'Paya', '', 0, 15, NULL, NULL, NULL),
(15537, 'Paz De Río', '', 0, 15, NULL, NULL, NULL),
(15542, 'Pesca', '', 0, 15, NULL, NULL, NULL),
(15550, 'Pisba', '', 0, 15, NULL, NULL, NULL),
(15572, 'Puerto Boyacá', '', 0, 15, NULL, NULL, NULL),
(15580, 'Quípama', '', 0, 15, NULL, NULL, NULL),
(15599, 'Ramiriquí', '', 0, 15, NULL, NULL, NULL),
(15600, 'Ráquira', '', 0, 15, NULL, NULL, NULL),
(15621, 'Rondón', '', 0, 15, NULL, NULL, NULL),
(15632, 'Saboyá', '', 0, 15, NULL, NULL, NULL),
(15638, 'Sáchica', '', 0, 15, NULL, NULL, NULL),
(15646, 'Samacá', '', 0, 15, NULL, NULL, NULL),
(15660, 'San Eduardo', '', 0, 15, NULL, NULL, NULL),
(15664, 'San José De Pare', '', 0, 15, NULL, NULL, NULL),
(15667, 'San Luis De Gaceno', '', 0, 15, NULL, NULL, NULL),
(15673, 'San Mateo', '', 0, 15, NULL, NULL, NULL),
(15676, 'San Miguel De Sema', '', 0, 15, NULL, NULL, NULL),
(15681, 'San Pablo De Borbur', '', 0, 15, NULL, NULL, NULL),
(15686, 'Santana', '', 0, 15, NULL, NULL, NULL),
(15690, 'Santa María', '', 0, 15, NULL, NULL, NULL),
(15693, 'Santa Rosa De Viterbo', '', 0, 15, NULL, NULL, NULL),
(15696, 'Santa Sofía', '', 0, 15, NULL, NULL, NULL),
(15720, 'Sativanorte', '', 0, 15, NULL, NULL, NULL),
(15723, 'Sativasur', '', 0, 15, NULL, NULL, NULL),
(15740, 'Siachoque', '', 0, 15, NULL, NULL, NULL),
(15753, 'Soatá', '', 0, 15, NULL, NULL, NULL),
(15755, 'Socotá', '', 0, 15, NULL, NULL, NULL),
(15757, 'Socha', '', 0, 15, NULL, NULL, NULL),
(15759, 'Sogamoso', '', 0, 15, NULL, NULL, NULL),
(15761, 'Somondoco', '', 0, 15, NULL, NULL, NULL),
(15762, 'Sora', '', 0, 15, NULL, NULL, NULL),
(15763, 'Sotaquirá', '', 0, 15, NULL, NULL, NULL),
(15764, 'Soracá', '', 0, 15, NULL, NULL, NULL),
(15774, 'Susacón', '', 0, 15, NULL, NULL, NULL),
(15776, 'Sutamarchán', '', 0, 15, NULL, NULL, NULL),
(15778, 'Sutatenza', '', 0, 15, NULL, NULL, NULL),
(15790, 'Tasco', '', 0, 15, NULL, NULL, NULL),
(15798, 'Tenza', '', 0, 15, NULL, NULL, NULL),
(15804, 'Tibaná', '', 0, 15, NULL, NULL, NULL),
(15806, 'Tibasosa', '', 0, 15, NULL, NULL, NULL),
(15808, 'Tinjacá', '', 0, 15, NULL, NULL, NULL),
(15810, 'Tipacoque', '', 0, 15, NULL, NULL, NULL),
(15814, 'Toca', '', 0, 15, NULL, NULL, NULL),
(15816, 'Togüí', '', 0, 15, NULL, NULL, NULL),
(15820, 'Tópaga', '', 0, 15, NULL, NULL, NULL),
(15822, 'Tota', '', 0, 15, NULL, NULL, NULL),
(15832, 'Tununguá', '', 0, 15, NULL, NULL, NULL),
(15835, 'Turmequé', '', 0, 15, NULL, NULL, NULL),
(15837, 'Tuta', '', 0, 15, NULL, NULL, NULL),
(15839, 'Tutazá', '', 0, 15, NULL, NULL, NULL),
(15842, 'Úmbita', '', 0, 15, NULL, NULL, NULL),
(15861, 'Ventaquemada', '', 0, 15, NULL, NULL, NULL),
(15879, 'Viracachá', '', 0, 15, NULL, NULL, NULL),
(15897, 'Zetaquira', '', 0, 15, NULL, NULL, NULL),
(17001, 'Manizales', '', 0, 17, NULL, NULL, NULL),
(17013, 'Aguadas', '', 0, 17, NULL, NULL, NULL),
(17042, 'Anserma', '', 0, 17, NULL, NULL, NULL),
(17050, 'Aranzazu', '', 0, 17, NULL, NULL, NULL),
(17088, 'Belalcázar', '', 0, 17, NULL, NULL, NULL),
(17174, 'Chinchiná', '', 0, 17, NULL, NULL, NULL),
(17272, 'Filadelfia', '', 0, 17, NULL, NULL, NULL),
(17380, 'La Dorada', '', 0, 17, NULL, NULL, NULL),
(17388, 'La Merced', '', 0, 17, NULL, NULL, NULL),
(17433, 'Manzanares', '', 0, 17, NULL, NULL, NULL),
(17442, 'Marmato', '', 0, 17, NULL, NULL, NULL),
(17444, 'Marquetalia', '', 0, 17, NULL, NULL, NULL),
(17446, 'Marulanda', '', 0, 17, NULL, NULL, NULL),
(17486, 'Neira', '', 0, 17, NULL, NULL, NULL),
(17495, 'Norcasia', '', 0, 17, NULL, NULL, NULL),
(17513, 'Pácora', '', 0, 17, NULL, NULL, NULL),
(17524, 'Palestina', '', 0, 17, NULL, NULL, NULL),
(17541, 'Pensilvania', '', 0, 17, NULL, NULL, NULL),
(17614, 'Riosucio', '', 0, 17, NULL, NULL, NULL),
(17616, 'Risaralda', '', 0, 17, NULL, NULL, NULL),
(17653, 'Salamina', '', 0, 17, NULL, NULL, NULL),
(17662, 'Samaná', '', 0, 17, NULL, NULL, NULL),
(17665, 'San José', '', 0, 17, NULL, NULL, NULL),
(17777, 'Supía', '', 0, 17, NULL, NULL, NULL),
(17867, 'Victoria', '', 0, 17, NULL, NULL, NULL),
(17873, 'Villamaría', '', 0, 17, NULL, NULL, NULL),
(17877, 'Viterbo', '', 0, 17, NULL, NULL, NULL),
(18001, 'Florencia', '', 0, 18, NULL, NULL, NULL),
(18029, 'Albania', '', 0, 18, NULL, NULL, NULL),
(18094, 'Belén De Los Andaquíes', '', 0, 18, NULL, NULL, NULL),
(18150, 'Cartagena Del Chairá', '', 0, 18, NULL, NULL, NULL),
(18205, 'Curillo', '', 0, 18, NULL, NULL, NULL),
(18247, 'El Doncello', '', 0, 18, NULL, NULL, NULL),
(18256, 'El Paujíl', '', 0, 18, NULL, NULL, NULL),
(18410, 'La Montañita', '', 0, 18, NULL, NULL, NULL),
(18460, 'Milán', '', 0, 18, NULL, NULL, NULL),
(18479, 'Morelia', '', 0, 18, NULL, NULL, NULL),
(18592, 'Puerto Rico', '', 0, 18, NULL, NULL, NULL),
(18610, 'San José Del Fragua', '', 0, 18, NULL, NULL, NULL),
(18753, 'San Vicente Del Caguán', '', 0, 18, NULL, NULL, NULL),
(18756, 'Solano', '', 0, 18, NULL, NULL, NULL),
(18785, 'Solita', '', 0, 18, NULL, NULL, NULL),
(18860, 'Valparaíso', '', 0, 18, NULL, NULL, NULL),
(19001, 'Popayán', '', 0, 19, NULL, NULL, NULL),
(19022, 'Almaguer', '', 0, 19, NULL, NULL, NULL),
(19050, 'Argelia', '', 0, 19, NULL, NULL, NULL),
(19075, 'Balboa', '', 0, 19, NULL, NULL, NULL),
(19100, 'Bolívar', '', 0, 19, NULL, NULL, NULL),
(19110, 'Buenos Aires', '', 0, 19, NULL, NULL, NULL),
(19130, 'Cajibío', '', 0, 19, NULL, NULL, NULL),
(19137, 'Caldono', '', 0, 19, NULL, NULL, NULL),
(19142, 'Caloto', '', 0, 19, NULL, NULL, NULL),
(19212, 'Corinto', '', 0, 19, NULL, NULL, NULL),
(19256, 'El Tambo', '', 0, 19, NULL, NULL, NULL),
(19290, 'Florencia', '', 0, 19, NULL, NULL, NULL),
(19300, 'Guachené', '', 0, 19, NULL, NULL, NULL),
(19318, 'Guapi', '', 0, 19, NULL, NULL, NULL),
(19355, 'Inzá', '', 0, 19, NULL, NULL, NULL),
(19364, 'Jambaló', '', 0, 19, NULL, NULL, NULL),
(19392, 'La Sierra', '', 0, 19, NULL, NULL, NULL),
(19397, 'La Vega', '', 0, 19, NULL, NULL, NULL),
(19418, 'López De Micay', '', 0, 19, NULL, NULL, NULL),
(19450, 'Mercaderes', '', 0, 19, NULL, NULL, NULL),
(19455, 'Miranda', '', 0, 19, NULL, NULL, NULL),
(19473, 'Morales', '', 0, 19, NULL, NULL, NULL),
(19513, 'Padilla', '', 0, 19, NULL, NULL, NULL),
(19517, 'Páez', '', 0, 19, NULL, NULL, NULL),
(19532, 'Patía', '', 0, 19, NULL, NULL, NULL),
(19533, 'Piamonte', '', 0, 19, NULL, NULL, NULL),
(19548, 'Piendamó - Tunía', '', 0, 19, NULL, NULL, NULL),
(19573, 'Puerto Tejada', '', 0, 19, NULL, NULL, NULL),
(19585, 'Puracé', '', 0, 19, NULL, NULL, NULL),
(19622, 'Rosas', '', 0, 19, NULL, NULL, NULL),
(19693, 'San Sebastián', '', 0, 19, NULL, NULL, NULL),
(19698, 'Santander De Quilichao', '', 0, 19, NULL, NULL, NULL),
(19701, 'Santa Rosa', '', 0, 19, NULL, NULL, NULL),
(19743, 'Silvia', '', 0, 19, NULL, NULL, NULL),
(19760, 'Sotará Paispamba', '', 0, 19, NULL, NULL, NULL),
(19780, 'Suárez', '', 0, 19, NULL, NULL, NULL),
(19785, 'Sucre', '', 0, 19, NULL, NULL, NULL),
(19807, 'Timbío', '', 0, 19, NULL, NULL, NULL),
(19809, 'Timbiquí', '', 0, 19, NULL, NULL, NULL),
(19821, 'Toribío', '', 0, 19, NULL, NULL, NULL),
(19824, 'Totoró', '', 0, 19, NULL, NULL, NULL),
(19845, 'Villa Rica', '', 0, 19, NULL, NULL, NULL),
(20001, 'Valledupar', '', 0, 20, NULL, NULL, NULL),
(20011, 'Aguachica', '', 0, 20, NULL, NULL, NULL),
(20013, 'Agustín Codazzi', '', 0, 20, NULL, NULL, NULL),
(20032, 'Astrea', '', 0, 20, NULL, NULL, NULL),
(20045, 'Becerril', '', 0, 20, NULL, NULL, NULL),
(20060, 'Bosconia', '', 0, 20, NULL, NULL, NULL),
(20175, 'Chimichagua', '', 0, 20, NULL, NULL, NULL),
(20178, 'Chiriguaná', '', 0, 20, NULL, NULL, NULL),
(20228, 'Curumaní', '', 0, 20, NULL, NULL, NULL),
(20238, 'El Copey', '', 0, 20, NULL, NULL, NULL),
(20250, 'El Paso', '', 0, 20, NULL, NULL, NULL),
(20295, 'Gamarra', '', 0, 20, NULL, NULL, NULL),
(20310, 'González', '', 0, 20, NULL, NULL, NULL),
(20383, 'La Gloria', '', 0, 20, NULL, NULL, NULL),
(20400, 'La Jagua De Ibirico', '', 0, 20, NULL, NULL, NULL),
(20443, 'Manaure Balcón Del Cesar', '', 0, 20, NULL, NULL, NULL),
(20517, 'Pailitas', '', 0, 20, NULL, NULL, NULL),
(20550, 'Pelaya', '', 0, 20, NULL, NULL, NULL),
(20570, 'Pueblo Bello', '', 0, 20, NULL, NULL, NULL),
(20614, 'Río De Oro', '', 0, 20, NULL, NULL, NULL),
(20621, 'La Paz', '', 0, 20, NULL, NULL, NULL),
(20710, 'San Alberto', '', 0, 20, NULL, NULL, NULL),
(20750, 'San Diego', '', 0, 20, NULL, NULL, NULL),
(20770, 'San Martín', '', 0, 20, NULL, NULL, NULL),
(20787, 'Tamalameque', '', 0, 20, NULL, NULL, NULL),
(23001, 'Montería', '', 0, 23, NULL, NULL, NULL),
(23068, 'Ayapel', '', 0, 23, NULL, NULL, NULL),
(23079, 'Buenavista', '', 0, 23, NULL, NULL, NULL),
(23090, 'Canalete', '', 0, 23, NULL, NULL, NULL),
(23162, 'Cereté', '', 0, 23, NULL, NULL, NULL),
(23168, 'Chimá', '', 0, 23, NULL, NULL, NULL),
(23182, 'Chinú', '', 0, 23, NULL, NULL, NULL),
(23189, 'Ciénaga De Oro', '', 0, 23, NULL, NULL, NULL),
(23300, 'Cotorra', '', 0, 23, NULL, NULL, NULL),
(23350, 'La Apartada', '', 0, 23, NULL, NULL, NULL),
(23417, 'Lorica', '', 0, 23, NULL, NULL, NULL),
(23419, 'Los Córdobas', '', 0, 23, NULL, NULL, NULL),
(23464, 'Momil', '', 0, 23, NULL, NULL, NULL),
(23466, 'Montelíbano', '', 0, 23, NULL, NULL, NULL),
(23500, 'Moñitos', '', 0, 23, NULL, NULL, NULL),
(23555, 'Planeta Rica', '', 0, 23, NULL, NULL, NULL),
(23570, 'Pueblo Nuevo', '', 0, 23, NULL, NULL, NULL),
(23574, 'Puerto Escondido', '', 0, 23, NULL, NULL, NULL),
(23580, 'Puerto Libertador', '', 0, 23, NULL, NULL, NULL),
(23586, 'Purísima De La Concepción', '', 0, 23, NULL, NULL, NULL),
(23660, 'Sahagún', '', 0, 23, NULL, NULL, NULL),
(23670, 'San Andrés De Sotavento', '', 0, 23, NULL, NULL, NULL),
(23672, 'San Antero', '', 0, 23, NULL, NULL, NULL),
(23675, 'San Bernardo Del Viento', '', 0, 23, NULL, NULL, NULL),
(23678, 'San Carlos', '', 0, 23, NULL, NULL, NULL),
(23682, 'San José De Uré', '', 0, 23, NULL, NULL, NULL),
(23686, 'San Pelayo', '', 0, 23, NULL, NULL, NULL),
(23807, 'Tierralta', '', 0, 23, NULL, NULL, NULL),
(23815, 'Tuchín', '', 0, 23, NULL, NULL, NULL),
(23855, 'Valencia', '', 0, 23, NULL, NULL, NULL),
(25001, 'Agua De Dios', '', 0, 25, NULL, NULL, NULL),
(25019, 'Albán', '', 0, 25, NULL, NULL, NULL),
(25035, 'Anapoima', '', 0, 25, NULL, NULL, NULL),
(25040, 'Anolaima', '', 0, 25, NULL, NULL, NULL),
(25053, 'Arbeláez', '', 0, 25, NULL, NULL, NULL),
(25086, 'Beltrán', '', 0, 25, NULL, NULL, NULL),
(25095, 'Bituima', '', 0, 25, NULL, NULL, NULL),
(25099, 'Bojacá', '', 0, 25, NULL, NULL, NULL),
(25120, 'Cabrera', '', 0, 25, NULL, NULL, NULL),
(25123, 'Cachipay', '', 0, 25, NULL, NULL, NULL),
(25126, 'Cajicá', '', 0, 25, NULL, NULL, NULL),
(25148, 'Caparrapí', '', 0, 25, NULL, NULL, NULL),
(25151, 'Cáqueza', '', 0, 25, NULL, NULL, NULL),
(25154, 'Carmen De Carupa', '', 0, 25, NULL, NULL, NULL),
(25168, 'Chaguaní', '', 0, 25, NULL, NULL, NULL),
(25175, 'Chía', '', 0, 25, NULL, NULL, NULL),
(25178, 'Chipaque', '', 0, 25, NULL, NULL, NULL),
(25181, 'Choachí', '', 0, 25, NULL, NULL, NULL),
(25183, 'Chocontá', '', 0, 25, NULL, NULL, NULL),
(25200, 'Cogua', '', 0, 25, NULL, NULL, NULL),
(25214, 'Cota', '', 0, 25, NULL, NULL, NULL),
(25224, 'Cucunubá', '', 0, 25, NULL, NULL, NULL),
(25245, 'El Colegio', '', 0, 25, NULL, NULL, NULL),
(25258, 'El Peñón', '', 0, 25, NULL, NULL, NULL),
(25260, 'El Rosal', '', 0, 25, NULL, NULL, NULL),
(25269, 'Facatativá', '', 0, 25, NULL, NULL, NULL),
(25279, 'Fómeque', '', 0, 25, NULL, NULL, NULL),
(25281, 'Fosca', '', 0, 25, NULL, NULL, NULL),
(25286, 'Funza', '', 0, 25, NULL, NULL, NULL),
(25288, 'Fúquene', '', 0, 25, NULL, NULL, NULL),
(25290, 'Fusagasugá', '', 0, 25, NULL, NULL, NULL),
(25293, 'Gachalá', '', 0, 25, NULL, NULL, NULL),
(25295, 'Gachancipá', '', 0, 25, NULL, NULL, NULL),
(25297, 'Gachetá', '', 0, 25, NULL, NULL, NULL),
(25299, 'Gama', '', 0, 25, NULL, NULL, NULL),
(25307, 'Girardot', '', 0, 25, NULL, NULL, NULL),
(25312, 'Granada', '', 0, 25, NULL, NULL, NULL),
(25317, 'Guachetá', '', 0, 25, NULL, NULL, NULL),
(25320, 'Guaduas', '', 0, 25, NULL, NULL, NULL),
(25322, 'Guasca', '', 0, 25, NULL, NULL, NULL),
(25324, 'Guataquí', '', 0, 25, NULL, NULL, NULL),
(25326, 'Guatavita', '', 0, 25, NULL, NULL, NULL),
(25328, 'Guayabal De Síquima', '', 0, 25, NULL, NULL, NULL),
(25335, 'Guayabetal', '', 0, 25, NULL, NULL, NULL),
(25339, 'Gutiérrez', '', 0, 25, NULL, NULL, NULL),
(25368, 'Jerusalén', '', 0, 25, NULL, NULL, NULL),
(25372, 'Junín', '', 0, 25, NULL, NULL, NULL),
(25377, 'La Calera', '', 0, 25, NULL, NULL, NULL),
(25386, 'La Mesa', '', 0, 25, NULL, NULL, NULL),
(25394, 'La Palma', '', 0, 25, NULL, NULL, NULL),
(25398, 'La Peña', '', 0, 25, NULL, NULL, NULL),
(25402, 'La Vega', '', 0, 25, NULL, NULL, NULL),
(25407, 'Lenguazaque', '', 0, 25, NULL, NULL, NULL),
(25426, 'Machetá', '', 0, 25, NULL, NULL, NULL),
(25430, 'Madrid', '', 0, 25, NULL, NULL, NULL),
(25436, 'Manta', '', 0, 25, NULL, NULL, NULL),
(25438, 'Medina', '', 0, 25, NULL, NULL, NULL),
(25473, 'Mosquera', '', 0, 25, NULL, NULL, NULL),
(25483, 'Nariño', '', 0, 25, NULL, NULL, NULL),
(25486, 'Nemocón', '', 0, 25, NULL, NULL, NULL),
(25488, 'Nilo', '', 0, 25, NULL, NULL, NULL),
(25489, 'Nimaima', '', 0, 25, NULL, NULL, NULL),
(25491, 'Nocaima', '', 0, 25, NULL, NULL, NULL),
(25506, 'Venecia', '', 0, 25, NULL, NULL, NULL),
(25513, 'Pacho', '', 0, 25, NULL, NULL, NULL),
(25518, 'Paime', '', 0, 25, NULL, NULL, NULL),
(25524, 'Pandi', '', 0, 25, NULL, NULL, NULL),
(25530, 'Paratebueno', '', 0, 25, NULL, NULL, NULL),
(25535, 'Pasca', '', 0, 25, NULL, NULL, NULL),
(25572, 'Puerto Salgar', '', 0, 25, NULL, NULL, NULL),
(25580, 'Pulí', '', 0, 25, NULL, NULL, NULL),
(25592, 'Quebradanegra', '', 0, 25, NULL, NULL, NULL),
(25594, 'Quetame', '', 0, 25, NULL, NULL, NULL),
(25596, 'Quipile', '', 0, 25, NULL, NULL, NULL),
(25599, 'Apulo', '', 0, 25, NULL, NULL, NULL),
(25612, 'Ricaurte', '', 0, 25, NULL, NULL, NULL),
(25645, 'San Antonio Del Tequendama', '', 0, 25, NULL, NULL, NULL),
(25649, 'San Bernardo', '', 0, 25, NULL, NULL, NULL),
(25653, 'San Cayetano', '', 0, 25, NULL, NULL, NULL),
(25658, 'San Francisco', '', 0, 25, NULL, NULL, NULL),
(25662, 'San Juan De Rioseco', '', 0, 25, NULL, NULL, NULL),
(25718, 'Sasaima', '', 0, 25, NULL, NULL, NULL),
(25736, 'Sesquilé', '', 0, 25, NULL, NULL, NULL),
(25740, 'Sibaté', '', 0, 25, NULL, NULL, NULL),
(25743, 'Silvania', '', 0, 25, NULL, NULL, NULL),
(25745, 'Simijaca', '', 0, 25, NULL, NULL, NULL),
(25754, 'Soacha', '', 0, 25, NULL, NULL, NULL),
(25758, 'Sopó', '', 0, 25, NULL, NULL, NULL),
(25769, 'Subachoque', '', 0, 25, NULL, NULL, NULL),
(25772, 'Suesca', '', 0, 25, NULL, NULL, NULL),
(25777, 'Supatá', '', 0, 25, NULL, NULL, NULL),
(25779, 'Susa', '', 0, 25, NULL, NULL, NULL),
(25781, 'Sutatausa', '', 0, 25, NULL, NULL, NULL),
(25785, 'Tabio', '', 0, 25, NULL, NULL, NULL),
(25793, 'Tausa', '', 0, 25, NULL, NULL, NULL),
(25797, 'Tena', '', 0, 25, NULL, NULL, NULL),
(25799, 'Tenjo', '', 0, 25, NULL, NULL, NULL),
(25805, 'Tibacuy', '', 0, 25, NULL, NULL, NULL),
(25807, 'Tibirita', '', 0, 25, NULL, NULL, NULL),
(25815, 'Tocaima', '', 0, 25, NULL, NULL, NULL),
(25817, 'Tocancipá', '', 0, 25, NULL, NULL, NULL),
(25823, 'Topaipí', '', 0, 25, NULL, NULL, NULL),
(25839, 'Ubalá', '', 0, 25, NULL, NULL, NULL),
(25841, 'Ubaque', '', 0, 25, NULL, NULL, NULL),
(25843, 'Villa De San Diego De Ubaté', '', 0, 25, NULL, NULL, NULL),
(25845, 'Une', '', 0, 25, NULL, NULL, NULL),
(25851, 'Útica', '', 0, 25, NULL, NULL, NULL),
(25862, 'Vergara', '', 0, 25, NULL, NULL, NULL),
(25867, 'Vianí', '', 0, 25, NULL, NULL, NULL),
(25871, 'Villagómez', '', 0, 25, NULL, NULL, NULL),
(25873, 'Villapinzón', '', 0, 25, NULL, NULL, NULL),
(25875, 'Villeta', '', 0, 25, NULL, NULL, NULL),
(25878, 'Viotá', '', 0, 25, NULL, NULL, NULL),
(25885, 'Yacopí', '', 0, 25, NULL, NULL, NULL),
(25898, 'Zipacón', '', 0, 25, NULL, NULL, NULL),
(25899, 'Zipaquirá', '', 0, 25, NULL, NULL, NULL),
(27001, 'Quibdó', '', 0, 27, NULL, NULL, NULL),
(27006, 'Acandí', '', 0, 27, NULL, NULL, NULL),
(27025, 'Alto Baudó', '', 0, 27, NULL, NULL, NULL),
(27050, 'Atrato', '', 0, 27, NULL, NULL, NULL),
(27073, 'Bagadó', '', 0, 27, NULL, NULL, NULL),
(27075, 'Bahía Solano', '', 0, 27, NULL, NULL, NULL),
(27077, 'Bajo Baudó', '', 0, 27, NULL, NULL, NULL),
(27099, 'Bojayá', '', 0, 27, NULL, NULL, NULL),
(27135, 'El Cantón Del San Pablo', '', 0, 27, NULL, NULL, NULL),
(27150, 'Carmen Del Darién', '', 0, 27, NULL, NULL, NULL),
(27160, 'Cértegui', '', 0, 27, NULL, NULL, NULL),
(27205, 'Condoto', '', 0, 27, NULL, NULL, NULL),
(27245, 'El Carmen De Atrato', '', 0, 27, NULL, NULL, NULL),
(27250, 'El Litoral Del San Juan', '', 0, 27, NULL, NULL, NULL),
(27361, 'Istmina', '', 0, 27, NULL, NULL, NULL),
(27372, 'Juradó', '', 0, 27, NULL, NULL, NULL),
(27413, 'Lloró', '', 0, 27, NULL, NULL, NULL),
(27425, 'Medio Atrato', '', 0, 27, NULL, NULL, NULL),
(27430, 'Medio Baudó', '', 0, 27, NULL, NULL, NULL),
(27450, 'Medio San Juan', '', 0, 27, NULL, NULL, NULL),
(27491, 'Nóvita', '', 0, 27, NULL, NULL, NULL),
(27495, 'Nuquí', '', 0, 27, NULL, NULL, NULL),
(27580, 'Río Iró', '', 0, 27, NULL, NULL, NULL),
(27600, 'Río Quito', '', 0, 27, NULL, NULL, NULL),
(27615, 'Riosucio', '', 0, 27, NULL, NULL, NULL),
(27660, 'San José Del Palmar', '', 0, 27, NULL, NULL, NULL),
(27745, 'Sipí', '', 0, 27, NULL, NULL, NULL),
(27787, 'Tadó', '', 0, 27, NULL, NULL, NULL),
(27800, 'Unguía', '', 0, 27, NULL, NULL, NULL),
(27810, 'Unión Panamericana', '', 0, 27, NULL, NULL, NULL),
(41001, 'Neiva', '', 0, 41, NULL, NULL, NULL),
(41006, 'Acevedo', '', 0, 41, NULL, NULL, NULL),
(41013, 'Agrado', '', 0, 41, NULL, NULL, NULL),
(41016, 'Aipe', '', 0, 41, NULL, NULL, NULL),
(41020, 'Algeciras', '', 0, 41, NULL, NULL, NULL),
(41026, 'Altamira', '', 0, 41, NULL, NULL, NULL),
(41078, 'Baraya', '', 0, 41, NULL, NULL, NULL),
(41132, 'Campoalegre', '', 0, 41, NULL, NULL, NULL),
(41206, 'Colombia', '', 0, 41, NULL, NULL, NULL),
(41244, 'Elías', '', 0, 41, NULL, NULL, NULL),
(41298, 'Garzón', '', 0, 41, NULL, NULL, NULL),
(41306, 'Gigante', '', 0, 41, NULL, NULL, NULL),
(41319, 'Guadalupe', '', 0, 41, NULL, NULL, NULL),
(41349, 'Hobo', '', 0, 41, NULL, NULL, NULL),
(41357, 'Íquira', '', 0, 41, NULL, NULL, NULL),
(41359, 'Isnos', '', 0, 41, NULL, NULL, NULL),
(41378, 'La Argentina', '', 0, 41, NULL, NULL, NULL),
(41396, 'La Plata', '', 0, 41, NULL, NULL, NULL),
(41483, 'Nátaga', '', 0, 41, NULL, NULL, NULL),
(41503, 'Oporapa', '', 0, 41, NULL, NULL, NULL),
(41518, 'Paicol', '', 0, 41, NULL, NULL, NULL),
(41524, 'Palermo', '', 0, 41, NULL, NULL, NULL),
(41530, 'Palestina', '', 0, 41, NULL, NULL, NULL),
(41548, 'Pital', '', 0, 41, NULL, NULL, NULL),
(41551, 'Pitalito', '', 0, 41, NULL, NULL, NULL),
(41615, 'Rivera', '', 0, 41, NULL, NULL, NULL),
(41660, 'Saladoblanco', '', 0, 41, NULL, NULL, NULL),
(41668, 'San Agustín', '', 0, 41, NULL, NULL, NULL),
(41676, 'Santa María', '', 0, 41, NULL, NULL, NULL),
(41770, 'Suaza', '', 0, 41, NULL, NULL, NULL),
(41791, 'Tarqui', '', 0, 41, NULL, NULL, NULL),
(41797, 'Tesalia', '', 0, 41, NULL, NULL, NULL),
(41799, 'Tello', '', 0, 41, NULL, NULL, NULL),
(41801, 'Teruel', '', 0, 41, NULL, NULL, NULL),
(41807, 'Timaná', '', 0, 41, NULL, NULL, NULL),
(41872, 'Villavieja', '', 0, 41, NULL, NULL, NULL),
(41885, 'Yaguará', '', 0, 41, NULL, NULL, NULL),
(44001, 'Riohacha', '', 0, 44, NULL, NULL, NULL),
(44035, 'Albania', '', 0, 44, NULL, NULL, NULL),
(44078, 'Barrancas', '', 0, 44, NULL, NULL, NULL),
(44090, 'Dibulla', '', 0, 44, NULL, NULL, NULL),
(44098, 'Distracción', '', 0, 44, NULL, NULL, NULL),
(44110, 'El Molino', '', 0, 44, NULL, NULL, NULL),
(44279, 'Fonseca', '', 0, 44, NULL, NULL, NULL),
(44378, 'Hatonuevo', '', 0, 44, NULL, NULL, NULL),
(44420, 'La Jagua Del Pilar', '', 0, 44, NULL, NULL, NULL),
(44430, 'Maicao', '', 0, 44, NULL, NULL, NULL),
(44560, 'Manaure', '', 0, 44, NULL, NULL, NULL),
(44650, 'San Juan Del Cesar', '', 0, 44, NULL, NULL, NULL),
(44847, 'Uribia', '', 0, 44, NULL, NULL, NULL),
(44855, 'Urumita', '', 0, 44, NULL, NULL, NULL),
(44874, 'Villanueva', '', 0, 44, NULL, NULL, NULL),
(47001, 'Santa Marta', '', 0, 47, NULL, NULL, NULL),
(47030, 'Algarrobo', '', 0, 47, NULL, NULL, NULL),
(47053, 'Aracataca', '', 0, 47, NULL, NULL, NULL),
(47058, 'Ariguaní', '', 0, 47, NULL, NULL, NULL),
(47161, 'Cerro De San Antonio', '', 0, 47, NULL, NULL, NULL),
(47170, 'Chivolo', '', 0, 47, NULL, NULL, NULL),
(47189, 'Ciénaga', '', 0, 47, NULL, NULL, NULL),
(47205, 'Concordia', '', 0, 47, NULL, NULL, NULL),
(47245, 'El Banco', '', 0, 47, NULL, NULL, NULL),
(47258, 'El Piñón', '', 0, 47, NULL, NULL, NULL),
(47268, 'El Retén', '', 0, 47, NULL, NULL, NULL),
(47288, 'Fundación', '', 0, 47, NULL, NULL, NULL),
(47318, 'Guamal', '', 0, 47, NULL, NULL, NULL),
(47460, 'Nueva Granada', '', 0, 47, NULL, NULL, NULL),
(47541, 'Pedraza', '', 0, 47, NULL, NULL, NULL),
(47545, 'Pijiño Del Carmen', '', 0, 47, NULL, NULL, NULL),
(47551, 'Pivijay', '', 0, 47, NULL, NULL, NULL),
(47555, 'Plato', '', 0, 47, NULL, NULL, NULL),
(47570, 'Puebloviejo', '', 0, 47, NULL, NULL, NULL),
(47605, 'Remolino', '', 0, 47, NULL, NULL, NULL),
(47660, 'Sabanas De San Ángel', '', 0, 47, NULL, NULL, NULL),
(47675, 'Salamina', '', 0, 47, NULL, NULL, NULL),
(47692, 'San Sebastián De Buenavista', '', 0, 47, NULL, NULL, NULL),
(47703, 'San Zenón', '', 0, 47, NULL, NULL, NULL),
(47707, 'Santa Ana', '', 0, 47, NULL, NULL, NULL),
(47720, 'Santa Bárbara De Pinto', '', 0, 47, NULL, NULL, NULL),
(47745, 'Sitionuevo', '', 0, 47, NULL, NULL, NULL),
(47798, 'Tenerife', '', 0, 47, NULL, NULL, NULL),
(47960, 'Zapayán', '', 0, 47, NULL, NULL, NULL),
(47980, 'Zona Bananera', '', 0, 47, NULL, NULL, NULL),
(50001, 'Villavicencio', '', 0, 50, NULL, NULL, NULL),
(50006, 'Acacías', '', 0, 50, NULL, NULL, NULL),
(50110, 'Barranca De Upía', '', 0, 50, NULL, NULL, NULL),
(50124, 'Cabuyaro', '', 0, 50, NULL, NULL, NULL),
(50150, 'Castilla La Nueva', '', 0, 50, NULL, NULL, NULL),
(50223, 'Cubarral', '', 0, 50, NULL, NULL, NULL),
(50226, 'Cumaral', '', 0, 50, NULL, NULL, NULL),
(50245, 'El Calvario', '', 0, 50, NULL, NULL, NULL),
(50251, 'El Castillo', '', 0, 50, NULL, NULL, NULL),
(50270, 'El Dorado', '', 0, 50, NULL, NULL, NULL),
(50287, 'Fuente De Oro', '', 0, 50, NULL, NULL, NULL),
(50313, 'Granada', '', 0, 50, NULL, NULL, NULL),
(50318, 'Guamal', '', 0, 50, NULL, NULL, NULL),
(50325, 'Mapiripán', '', 0, 50, NULL, NULL, NULL),
(50330, 'Mesetas', '', 0, 50, NULL, NULL, NULL),
(50350, 'La Macarena', '', 0, 50, NULL, NULL, NULL),
(50370, 'Uribe', '', 0, 50, NULL, NULL, NULL),
(50400, 'Lejanías', '', 0, 50, NULL, NULL, NULL),
(50450, 'Puerto Concordia', '', 0, 50, NULL, NULL, NULL),
(50568, 'Puerto Gaitán', '', 0, 50, NULL, NULL, NULL),
(50573, 'Puerto López', '', 0, 50, NULL, NULL, NULL),
(50577, 'Puerto Lleras', '', 0, 50, NULL, NULL, NULL),
(50590, 'Puerto Rico', '', 0, 50, NULL, NULL, NULL),
(50606, 'Restrepo', '', 0, 50, NULL, NULL, NULL),
(50680, 'San Carlos De Guaroa', '', 0, 50, NULL, NULL, NULL),
(50683, 'San Juan De Arama', '', 0, 50, NULL, NULL, NULL),
(50686, 'San Juanito', '', 0, 50, NULL, NULL, NULL),
(50689, 'San Martín', '', 0, 50, NULL, NULL, NULL),
(50711, 'Vistahermosa', '', 0, 50, NULL, NULL, NULL),
(52001, 'Pasto', '', 0, 52, NULL, NULL, NULL),
(52019, 'Albán', '', 0, 52, NULL, NULL, NULL),
(52022, 'Aldana', '', 0, 52, NULL, NULL, NULL),
(52036, 'Ancuya', '', 0, 52, NULL, NULL, NULL),
(52051, 'Arboleda', '', 0, 52, NULL, NULL, NULL),
(52079, 'Barbacoas', '', 0, 52, NULL, NULL, NULL),
(52083, 'Belén', '', 0, 52, NULL, NULL, NULL),
(52110, 'Buesaco', '', 0, 52, NULL, NULL, NULL),
(52203, 'Colón', '', 0, 52, NULL, NULL, NULL),
(52207, 'Consacá', '', 0, 52, NULL, NULL, NULL),
(52210, 'Contadero', '', 0, 52, NULL, NULL, NULL),
(52215, 'Córdoba', '', 0, 52, NULL, NULL, NULL),
(52224, 'Cuaspud Carlosama', '', 0, 52, NULL, NULL, NULL),
(52227, 'Cumbal', '', 0, 52, NULL, NULL, NULL),
(52233, 'Cumbitara', '', 0, 52, NULL, NULL, NULL),
(52240, 'Chachagüí', '', 0, 52, NULL, NULL, NULL),
(52250, 'El Charco', '', 0, 52, NULL, NULL, NULL),
(52254, 'El Peñol', '', 0, 52, NULL, NULL, NULL),
(52256, 'El Rosario', '', 0, 52, NULL, NULL, NULL),
(52258, 'El Tablón De Gómez', '', 0, 52, NULL, NULL, NULL),
(52260, 'El Tambo', '', 0, 52, NULL, NULL, NULL),
(52287, 'Funes', '', 0, 52, NULL, NULL, NULL),
(52317, 'Guachucal', '', 0, 52, NULL, NULL, NULL),
(52320, 'Guaitarilla', '', 0, 52, NULL, NULL, NULL),
(52323, 'Gualmatán', '', 0, 52, NULL, NULL, NULL),
(52352, 'Iles', '', 0, 52, NULL, NULL, NULL),
(52354, 'Imués', '', 0, 52, NULL, NULL, NULL),
(52356, 'Ipiales', '', 0, 52, NULL, NULL, NULL),
(52378, 'La Cruz', '', 0, 52, NULL, NULL, NULL),
(52381, 'La Florida', '', 0, 52, NULL, NULL, NULL),
(52385, 'La Llanada', '', 0, 52, NULL, NULL, NULL),
(52390, 'La Tola', '', 0, 52, NULL, NULL, NULL),
(52399, 'La Unión', '', 0, 52, NULL, NULL, NULL),
(52405, 'Leiva', '', 0, 52, NULL, NULL, NULL),
(52411, 'Linares', '', 0, 52, NULL, NULL, NULL),
(52418, 'Los Andes', '', 0, 52, NULL, NULL, NULL),
(52427, 'Magüí', '', 0, 52, NULL, NULL, NULL),
(52435, 'Mallama', '', 0, 52, NULL, NULL, NULL),
(52473, 'Mosquera', '', 0, 52, NULL, NULL, NULL),
(52480, 'Nariño', '', 0, 52, NULL, NULL, NULL),
(52490, 'Olaya Herrera', '', 0, 52, NULL, NULL, NULL),
(52506, 'Ospina', '', 0, 52, NULL, NULL, NULL),
(52520, 'Francisco Pizarro', '', 0, 52, NULL, NULL, NULL),
(52540, 'Policarpa', '', 0, 52, NULL, NULL, NULL),
(52560, 'Potosí', '', 0, 52, NULL, NULL, NULL),
(52565, 'Providencia', '', 0, 52, NULL, NULL, NULL),
(52573, 'Puerres', '', 0, 52, NULL, NULL, NULL),
(52585, 'Pupiales', '', 0, 52, NULL, NULL, NULL),
(52612, 'Ricaurte', '', 0, 52, NULL, NULL, NULL),
(52621, 'Roberto Payán', '', 0, 52, NULL, NULL, NULL),
(52678, 'Samaniego', '', 0, 52, NULL, NULL, NULL),
(52683, 'Sandoná', '', 0, 52, NULL, NULL, NULL),
(52685, 'San Bernardo', '', 0, 52, NULL, NULL, NULL),
(52687, 'San Lorenzo', '', 0, 52, NULL, NULL, NULL),
(52693, 'San Pablo', '', 0, 52, NULL, NULL, NULL),
(52694, 'San Pedro De Cartago', '', 0, 52, NULL, NULL, NULL),
(52696, 'Santa Bárbara', '', 0, 52, NULL, NULL, NULL),
(52699, 'Santacruz', '', 0, 52, NULL, NULL, NULL),
(52720, 'Sapuyes', '', 0, 52, NULL, NULL, NULL),
(52786, 'Taminango', '', 0, 52, NULL, NULL, NULL),
(52788, 'Tangua', '', 0, 52, NULL, NULL, NULL),
(52835, 'San Andrés De Tumaco', '', 0, 52, NULL, NULL, NULL),
(52838, 'Túquerres', '', 0, 52, NULL, NULL, NULL),
(52885, 'Yacuanquer', '', 0, 52, NULL, NULL, NULL),
(54001, 'San José De Cúcuta', '', 0, 54, NULL, NULL, NULL),
(54003, 'Ábrego', '', 0, 54, NULL, NULL, NULL),
(54051, 'Arboledas', '', 0, 54, NULL, NULL, NULL),
(54099, 'Bochalema', '', 0, 54, NULL, NULL, NULL),
(54109, 'Bucarasica', '', 0, 54, NULL, NULL, NULL),
(54125, 'Cácota', '', 0, 54, NULL, NULL, NULL),
(54128, 'Cáchira', '', 0, 54, NULL, NULL, NULL),
(54172, 'Chinácota', '', 0, 54, NULL, NULL, NULL),
(54174, 'Chitagá', '', 0, 54, NULL, NULL, NULL),
(54206, 'Convención', '', 0, 54, NULL, NULL, NULL),
(54223, 'Cucutilla', '', 0, 54, NULL, NULL, NULL),
(54239, 'Durania', '', 0, 54, NULL, NULL, NULL),
(54245, 'El Carmen', '', 0, 54, NULL, NULL, NULL),
(54250, 'El Tarra', '', 0, 54, NULL, NULL, NULL),
(54261, 'El Zulia', '', 0, 54, NULL, NULL, NULL),
(54313, 'Gramalote', '', 0, 54, NULL, NULL, NULL),
(54344, 'Hacarí', '', 0, 54, NULL, NULL, NULL),
(54347, 'Herrán', '', 0, 54, NULL, NULL, NULL),
(54377, 'Labateca', '', 0, 54, NULL, NULL, NULL),
(54385, 'La Esperanza', '', 0, 54, NULL, NULL, NULL),
(54398, 'La Playa', '', 0, 54, NULL, NULL, NULL),
(54405, 'Los Patios', '', 0, 54, NULL, NULL, NULL),
(54418, 'Lourdes', '', 0, 54, NULL, NULL, NULL),
(54480, 'Mutiscua', '', 0, 54, NULL, NULL, NULL),
(54498, 'Ocaña', '', 0, 54, NULL, NULL, NULL),
(54518, 'Pamplona', '', 0, 54, NULL, NULL, NULL),
(54520, 'Pamplonita', '', 0, 54, NULL, NULL, NULL),
(54553, 'Puerto Santander', '', 0, 54, NULL, NULL, NULL),
(54599, 'Ragonvalia', '', 0, 54, NULL, NULL, NULL),
(54660, 'Salazar', '', 0, 54, NULL, NULL, NULL),
(54670, 'San Calixto', '', 0, 54, NULL, NULL, NULL),
(54673, 'San Cayetano', '', 0, 54, NULL, NULL, NULL),
(54680, 'Santiago', '', 0, 54, NULL, NULL, NULL),
(54720, 'Sardinata', '', 0, 54, NULL, NULL, NULL),
(54743, 'Silos', '', 0, 54, NULL, NULL, NULL),
(54800, 'Teorama', '', 0, 54, NULL, NULL, NULL),
(54810, 'Tibú', '', 0, 54, NULL, NULL, NULL),
(54820, 'Toledo', '', 0, 54, NULL, NULL, NULL),
(54871, 'Villa Caro', '', 0, 54, NULL, NULL, NULL),
(54874, 'Villa Del Rosario', '', 0, 54, NULL, NULL, NULL),
(63001, 'Armenia', '', 0, 63, NULL, NULL, NULL),
(63111, 'Buenavista', '', 0, 63, NULL, NULL, NULL),
(63130, 'Calarcá', '', 0, 63, NULL, NULL, NULL),
(63190, 'Circasia', '', 0, 63, NULL, NULL, NULL),
(63212, 'Córdoba', '', 0, 63, NULL, NULL, NULL),
(63272, 'Filandia', '', 0, 63, NULL, NULL, NULL),
(63302, 'Génova', '', 0, 63, NULL, NULL, NULL),
(63401, 'La Tebaida', '', 0, 63, NULL, NULL, NULL),
(63470, 'Montenegro', '', 0, 63, NULL, NULL, NULL),
(63548, 'Pijao', '', 0, 63, NULL, NULL, NULL),
(63594, 'Quimbaya', '', 0, 63, NULL, NULL, NULL),
(63690, 'Salento', '', 0, 63, NULL, NULL, NULL),
(66001, 'Pereira', '', 0, 66, NULL, NULL, NULL),
(66045, 'Apía', '', 0, 66, NULL, NULL, NULL),
(66075, 'Balboa', '', 0, 66, NULL, NULL, NULL),
(66088, 'Belén De Umbría', '', 0, 66, NULL, NULL, NULL),
(66170, 'Dosquebradas', '', 0, 66, NULL, NULL, NULL),
(66318, 'Guática', '', 0, 66, NULL, NULL, NULL),
(66383, 'La Celia', '', 0, 66, NULL, NULL, NULL),
(66400, 'La Virginia', '', 0, 66, NULL, NULL, NULL),
(66440, 'Marsella', '', 0, 66, NULL, NULL, NULL),
(66456, 'Mistrató', '', 0, 66, NULL, NULL, NULL),
(66572, 'Pueblo Rico', '', 0, 66, NULL, NULL, NULL),
(66594, 'Quinchía', '', 0, 66, NULL, NULL, NULL),
(66682, 'Santa Rosa De Cabal', '', 0, 66, NULL, NULL, NULL),
(66687, 'Santuario', '', 0, 66, NULL, NULL, NULL),
(68001, 'Bucaramanga', '', 0, 68, NULL, NULL, NULL),
(68013, 'Aguada', '', 0, 68, NULL, NULL, NULL),
(68020, 'Albania', '', 0, 68, NULL, NULL, NULL),
(68051, 'Aratoca', '', 0, 68, NULL, NULL, NULL),
(68077, 'Barbosa', '', 0, 68, NULL, NULL, NULL),
(68079, 'Barichara', '', 0, 68, NULL, NULL, NULL),
(68081, 'Barrancabermeja', '', 0, 68, NULL, NULL, NULL),
(68092, 'Betulia', '', 0, 68, NULL, NULL, NULL),
(68101, 'Bolívar', '', 0, 68, NULL, NULL, NULL),
(68121, 'Cabrera', '', 0, 68, NULL, NULL, NULL),
(68132, 'California', '', 0, 68, NULL, NULL, NULL),
(68147, 'Capitanejo', '', 0, 68, NULL, NULL, NULL),
(68152, 'Carcasí', '', 0, 68, NULL, NULL, NULL),
(68160, 'Cepitá', '', 0, 68, NULL, NULL, NULL),
(68162, 'Cerrito', '', 0, 68, NULL, NULL, NULL),
(68167, 'Charalá', '', 0, 68, NULL, NULL, NULL),
(68169, 'Charta', '', 0, 68, NULL, NULL, NULL),
(68176, 'Chima', '', 0, 68, NULL, NULL, NULL),
(68179, 'Chipatá', '', 0, 68, NULL, NULL, NULL),
(68190, 'Cimitarra', '', 0, 68, NULL, NULL, NULL),
(68207, 'Concepción', '', 0, 68, NULL, NULL, NULL),
(68209, 'Confines', '', 0, 68, NULL, NULL, NULL),
(68211, 'Contratación', '', 0, 68, NULL, NULL, NULL),
(68217, 'Coromoro', '', 0, 68, NULL, NULL, NULL),
(68229, 'Curití', '', 0, 68, NULL, NULL, NULL),
(68235, 'El Carmen De Chucuri', '', 0, 68, NULL, NULL, NULL),
(68245, 'El Guacamayo', '', 0, 68, NULL, NULL, NULL),
(68250, 'El Peñón', '', 0, 68, NULL, NULL, NULL),
(68255, 'El Playón', '', 0, 68, NULL, NULL, NULL),
(68264, 'Encino', '', 0, 68, NULL, NULL, NULL),
(68266, 'Enciso', '', 0, 68, NULL, NULL, NULL),
(68271, 'Florián', '', 0, 68, NULL, NULL, NULL),
(68276, 'Floridablanca', '', 0, 68, NULL, NULL, NULL),
(68296, 'Galán', '', 0, 68, NULL, NULL, NULL),
(68298, 'Gámbita', '', 0, 68, NULL, NULL, NULL),
(68307, 'Girón', '', 0, 68, NULL, NULL, NULL),
(68318, 'Guaca', '', 0, 68, NULL, NULL, NULL),
(68320, 'Guadalupe', '', 0, 68, NULL, NULL, NULL),
(68322, 'Guapotá', '', 0, 68, NULL, NULL, NULL),
(68324, 'Guavatá', '', 0, 68, NULL, NULL, NULL),
(68327, 'Güepsa', '', 0, 68, NULL, NULL, NULL),
(68344, 'Hato', '', 0, 68, NULL, NULL, NULL),
(68368, 'Jesús María', '', 0, 68, NULL, NULL, NULL),
(68370, 'Jordán', '', 0, 68, NULL, NULL, NULL),
(68377, 'La Belleza', '', 0, 68, NULL, NULL, NULL),
(68385, 'Landázuri', '', 0, 68, NULL, NULL, NULL),
(68397, 'La Paz', '', 0, 68, NULL, NULL, NULL),
(68406, 'Lebrija', '', 0, 68, NULL, NULL, NULL),
(68418, 'Los Santos', '', 0, 68, NULL, NULL, NULL),
(68425, 'Macaravita', '', 0, 68, NULL, NULL, NULL),
(68432, 'Málaga', '', 0, 68, NULL, NULL, NULL),
(68444, 'Matanza', '', 0, 68, NULL, NULL, NULL),
(68464, 'Mogotes', '', 0, 68, NULL, NULL, NULL),
(68468, 'Molagavita', '', 0, 68, NULL, NULL, NULL),
(68498, 'Ocamonte', '', 0, 68, NULL, NULL, NULL),
(68500, 'Oiba', '', 0, 68, NULL, NULL, NULL),
(68502, 'Onzaga', '', 0, 68, NULL, NULL, NULL),
(68522, 'Palmar', '', 0, 68, NULL, NULL, NULL),
(68524, 'Palmas Del Socorro', '', 0, 68, NULL, NULL, NULL),
(68533, 'Páramo', '', 0, 68, NULL, NULL, NULL),
(68547, 'Piedecuesta', '', 0, 68, NULL, NULL, NULL),
(68549, 'Pinchote', '', 0, 68, NULL, NULL, NULL),
(68572, 'Puente Nacional', '', 0, 68, NULL, NULL, NULL),
(68573, 'Puerto Parra', '', 0, 68, NULL, NULL, NULL),
(68575, 'Puerto Wilches', '', 0, 68, NULL, NULL, NULL),
(68615, 'Rionegro', '', 0, 68, NULL, NULL, NULL),
(68655, 'Sabana De Torres', '', 0, 68, NULL, NULL, NULL),
(68669, 'San Andrés', '', 0, 68, NULL, NULL, NULL),
(68673, 'San Benito', '', 0, 68, NULL, NULL, NULL),
(68679, 'San Gil', '', 0, 68, NULL, NULL, NULL),
(68682, 'San Joaquín', '', 0, 68, NULL, NULL, NULL),
(68684, 'San José De Miranda', '', 0, 68, NULL, NULL, NULL),
(68686, 'San Miguel', '', 0, 68, NULL, NULL, NULL),
(68689, 'San Vicente De Chucurí', '', 0, 68, NULL, NULL, NULL),
(68705, 'Santa Bárbara', '', 0, 68, NULL, NULL, NULL),
(68720, 'Santa Helena Del Opón', '', 0, 68, NULL, NULL, NULL),
(68745, 'Simacota', '', 0, 68, NULL, NULL, NULL),
(68755, 'Socorro', '', 0, 68, NULL, NULL, NULL),
(68770, 'Suaita', '', 0, 68, NULL, NULL, NULL),
(68773, 'Sucre', '', 0, 68, NULL, NULL, NULL),
(68780, 'Suratá', '', 0, 68, NULL, NULL, NULL),
(68820, 'Tona', '', 0, 68, NULL, NULL, NULL),
(68855, 'Valle De San José', '', 0, 68, NULL, NULL, NULL),
(68861, 'Vélez', '', 0, 68, NULL, NULL, NULL),
(68867, 'Vetas', '', 0, 68, NULL, NULL, NULL),
(68872, 'Villanueva', '', 0, 68, NULL, NULL, NULL),
(68895, 'Zapatoca', '', 0, 68, NULL, NULL, NULL),
(70001, 'Sincelejo', 'Sincelejo es una ciudad del norte de Colombia conocida por su festival de corridas de toros Corralejas y su patrimonio musical. En el corazón de la ciudad, se encuentra la Catedral de San Francisco de Asís, del siglo XIX, frente al Parque Santander. La Plaza de Majagual, con un diseño de mosaicos, le da su nombre a varias canciones populares y a la banda colombiana Los Corraleros de Majagual. Al noroeste están las playas tranquilas de Tolú, en el golfo de Morrosquillo. ', 279027, 70, 2, '9.30381300', '-75.39870700'),
(70110, 'Buenavista', 'Buenavista es un municipio colombiano del departamento de  ubicado en la subregión de Sabanas. Fue fundado por don Antonio De La Torre y Miranda en 1776.', 9618, 70, 3, '9.32049065', '-74.97536418'),
(70124, 'Caimito', 'Caimito es un municipio colombiano del departamento de  ubicado en la subregión de San Jorge, al norte del país. La temperatura promedio es de 28 °C.', 12185, 70, 4, '8.79177776', '-75.12121606'),
(70204, 'Colosó', 'Colosó, es un municipio colombiano ubicado en el departamento de , en la subregión de los Montes de María. El municipio es potencial candidato a ser parte de la Red de pueblos patrimonios de Colombia. Se encuentra 42 km de la capital departamental, Sincelejo.', 5803, 70, 2, '9.49506670', '-75.35179645'),
(70215, 'Corozal', 'Corozal es un municipio colombiano ubicado en el departamento de . Forma parte de la región Caribe de Colombia y de la subregión geográfica Sabanas. Tiene una población estimada para el 2012 de 61 126 habitantes.', 62830, 70, 3, '9.31878300', '-75.29471300'),
(70221, 'Coveñas', 'Coveñas es una ciudad turística del Golfo de Morrosquillo en el norte de Colombia. Es conocida por sus largas playas con aguas tranquilas y poco profundas. La playa Primera Ensenada es un centro de deportes acuáticos. Al noreste de la ciudad, la Ciénaga de la Caimanera es una laguna costear con abundante fauna y una reserva natural con mangles, caimanes y una variedad de peces y aves. Al suroeste está el pueblo de San Antero, conocido por su Festival del Burro anual.', 13779, 70, 5, '9.40507427', '-75.68167298'),
(70230, 'Chalán', 'Chalán es un municipio colombiano del departamento de , ubicado en la subregión de Montes de María, al norte del país. Se sitúa a 54 km de Sincelejo, la capital departamental. Anteriormente, hacia parte del Municipio de Colosó, bajo el nombre de Ricaurte.', 4367, 70, 2, '9.54582700', '-75.31271300'),
(70233, 'El Roble', 'El Roble es un municipio colombiano del occidente del departamento de , en la región Caribe colombiana, ubicado en la subregión Sabanas.', 10670, 70, 3, '9.10823092', '-75.19733542'),
(70235, 'Galeras', 'Galeras es un municipio colombiano del departamento de  ubicado en la subregión de Sabanas, al norte del país. Cuya capital municipal es Nueva Granada. Dista 50 km de la capital departamental, Sincelejo. Es municipio desde el 24 de octubre de 1968.', 20515, 70, 3, '9.16153600', '-75.04819900'),
(70265, 'Guarandá', 'Guaranda es un municipio colombiano del departamento de  ubicado en la región de La Mojana, en la margen izquierda del río Cauca, al sur del departamento. Se le conoce como «La Puerta de Oro de La Mojana Sucreña» y «La tierra del Cristo Grande» por su monumento a Cristo Rey ubicado en el parque principal.', 17646, 70, 1, '8.46680100', '-74.53612600'),
(70400, 'La Unión', 'La Unión de  es un municipio colombiano del departamento de  ubicado en la región Caribe, al norte del país, y en la subregión del San Jorge. El municipio se caracteriza por conservar un buen número de casas tradicionales de la arquitectura costeña.', 11262, 70, 4, '8.85274200', '-75.28252900'),
(70418, 'Los Palmitos', 'Los Palmitos es un municipio colombiano del departamento de  ubicado cerca de las estribaciones de los Montes de María y en la subregión de Sabanas. Se sitúa a 15 km de la capital departamental, Sincelejo. El municipio es conocido por ser la Cuna del Vallenato Sabanero.', 19245, 70, 3, '9.38324956', '-75.26604868'),
(70429, 'Majagual', 'Majagual es un municipio colombiano del departamento de  ubicado en la subregión de La Mojana. Es conocido como «El Corazón de La Mojana».', 33438, 70, 1, '8.54146269', '-74.62903295'),
(70473, 'Morroa', 'Morroa es un municipio colombiano ubicado al noreste del departamento de , en la subregión de Montes de María, en la región Caribe de Colombia.', 14583, 70, 2, '9.33372170', '-75.30508358');
INSERT INTO `municipios` (`id_municipio`, `nombre`, `descripcion`, `poblacion`, `id_departamento_fk`, `id_subregion_fk`, `latitud`, `longitud`) VALUES
(70508, 'Ovejas', 'Ovejas es un municipio colombiano del departamento de , ubicado a 154 km al sudeste de Cartagena de Indias y a 41 km de distancia de la capital departamental, Sincelejo. Este municipio se encuentra en el sistema orográfico de la Serranía de San Jacinto, en los Montes de María', 21030, 70, 2, '9.52707685', '-75.22749028'),
(70523, 'Palmito', 'San Antonio de Palmito es un municipio de Colombia, situado en el norte del país en el departamento de . Se sitúa a 36 km de Sincelejo, la capital departamental. El Municipio de San Antonio de Palmito hace parte de la región fisiográfica denominada Llanura Costera Aluvial del Morrosquillo.', 13953, 70, 5, '9.33426243', '-75.54255537'),
(70670, 'Sampués', 'Sampués es un municipio colombiano del occidente del departamento de , ubicado en la subregión de La Sabana. Su población es de 37 925 habitantes, de los cuales 18 822 pertenecen al pueblo zenú.', 38067, 70, 3, '9.18501018', '-75.37905133'),
(70678, 'San Benito Abad', 'San Benito Abad, oficialmente Villa de San Benito Abad es un municipio colombiano del departamento de , ubicado en la región Caribe colombiana, y hace parte de la subregión del San Jorge. ', 25723, 70, 4, '8.92916800', '-75.03027900'),
(70702, 'San Juan de Betulia', 'San Juan de Betulia es un municipio de Colombia, situado en el departamento de  al norte del país. Se sitúa a 21 km de la capital departamental, Sincelejo.', 12557, 70, 3, '9.27459763', '-75.24357376'),
(70708, 'San Marcos', 'San Marcos es un municipio colombiano ubicado en el noreste del país y al suroeste del departamento de , entre los ríos San Jorge y Cauca. Desde el siglo XIX es conocido como «La Perla del San Jorge» por ser la más importante población del Valle del San Jorge.', 57775, 70, 4, '8.66298400', '-75.13260400'),
(70713, 'San Onofre', 'San Onofre es un municipio colombiano, siendo uno de los más antiguos del departamento de . El casco urbano se encuentra en cercanías al Golfo de Morrosquillo y a espaldas de las faldas de las Serranías de San Jacinto. Su principal sitio turístico es Rincón del Mar', 50647, 70, 5, '9.74175050', '-75.51899177'),
(70717, 'San Pedro', 'San Pedro es un municipio colombiano, situado en el departamento de , en la subregión de Sabanas y cerca de las estribaciones de los Montes de María. Limita al norte con el municipio de Ovejas y el departamento de Bolívar, al sur con los municipios de Sincé y Buenavista, al oeste con Sincé y Los Palmitos.', 16005, 70, 3, '9.39723800', '-75.06413600'),
(70742, 'San Luis de Sincé', 'San Luis de Sincé en un municipio colombiano ubicado en la subregión de La Sabana del departamento de , a 30 km al sureste de Sincelejo. Tiene una temperatura media de 30 °C y sus principales actividades económicas son la agricultura, la ganadería y el comercio.', 34016, 70, 3, '9.24742512', '-75.15016719'),
(70771, 'Sucre', ' es un municipio colombiano del departamento homónimo ubicado en la subregión de La Mojana. La población fue fundada por Jerónimo de Bombanti el 1 de enero de 1799, y en 1910 fue elevada a la categoría de municipio. Es conocido como «La Perla de La Mojana».', 22403, 70, 1, '8.81383500', '-74.72241100'),
(70820, 'Santiago de Tolú', 'Tolú es una ciudad turística del golfo de Morrosquillo, a lo largo de la costa del Caribe en el norte de Colombia. Es conocida por sus playas y sus aguas tranquilas poco profundas. La Iglesia de Santiago el Mayor domina la plaza principal. Justo al norte está el parque ecológico La Ciénaga de la Leche, con mangles y abundantes especies de aves. Hay botes que llegan a la isla Múcura, parte del Parque Nacional Corales del Rosario y de San Bernardo.', 33871, 70, 5, '9.52934409', '-75.57956750'),
(70823, 'Tolú Viejo', 'Toluviejo es un municipio colombiano ubicado al norte del departamento de  en la Región Caribe. Se sitúa a 18 km de Sincelejo, la capital departamental.', 18895, 70, 5, '9.45292720', '-75.44248162'),
(73001, 'Ibagué', '', 0, 73, NULL, NULL, NULL),
(73024, 'Alpujarra', '', 0, 73, NULL, NULL, NULL),
(73026, 'Alvarado', '', 0, 73, NULL, NULL, NULL),
(73030, 'Ambalema', '', 0, 73, NULL, NULL, NULL),
(73043, 'Anzoátegui', '', 0, 73, NULL, NULL, NULL),
(73055, 'Armero', '', 0, 73, NULL, NULL, NULL),
(73067, 'Ataco', '', 0, 73, NULL, NULL, NULL),
(73124, 'Cajamarca', '', 0, 73, NULL, NULL, NULL),
(73148, 'Carmen De Apicalá', '', 0, 73, NULL, NULL, NULL),
(73152, 'Casabianca', '', 0, 73, NULL, NULL, NULL),
(73168, 'Chaparral', '', 0, 73, NULL, NULL, NULL),
(73200, 'Coello', '', 0, 73, NULL, NULL, NULL),
(73217, 'Coyaima', '', 0, 73, NULL, NULL, NULL),
(73226, 'Cunday', '', 0, 73, NULL, NULL, NULL),
(73236, 'Dolores', '', 0, 73, NULL, NULL, NULL),
(73268, 'Espinal', '', 0, 73, NULL, NULL, NULL),
(73270, 'Falan', '', 0, 73, NULL, NULL, NULL),
(73275, 'Flandes', '', 0, 73, NULL, NULL, NULL),
(73283, 'Fresno', '', 0, 73, NULL, NULL, NULL),
(73319, 'Guamo', '', 0, 73, NULL, NULL, NULL),
(73347, 'Herveo', '', 0, 73, NULL, NULL, NULL),
(73349, 'Honda', '', 0, 73, NULL, NULL, NULL),
(73352, 'Icononzo', '', 0, 73, NULL, NULL, NULL),
(73408, 'Lérida', '', 0, 73, NULL, NULL, NULL),
(73411, 'Líbano', '', 0, 73, NULL, NULL, NULL),
(73443, 'San Sebastián De Mariquita', '', 0, 73, NULL, NULL, NULL),
(73449, 'Melgar', '', 0, 73, NULL, NULL, NULL),
(73461, 'Murillo', '', 0, 73, NULL, NULL, NULL),
(73483, 'Natagaima', '', 0, 73, NULL, NULL, NULL),
(73504, 'Ortega', '', 0, 73, NULL, NULL, NULL),
(73520, 'Palocabildo', '', 0, 73, NULL, NULL, NULL),
(73547, 'Piedras', '', 0, 73, NULL, NULL, NULL),
(73555, 'Planadas', '', 0, 73, NULL, NULL, NULL),
(73563, 'Prado', '', 0, 73, NULL, NULL, NULL),
(73585, 'Purificación', '', 0, 73, NULL, NULL, NULL),
(73616, 'Rioblanco', '', 0, 73, NULL, NULL, NULL),
(73622, 'Roncesvalles', '', 0, 73, NULL, NULL, NULL),
(73624, 'Rovira', '', 0, 73, NULL, NULL, NULL),
(73671, 'Saldaña', '', 0, 73, NULL, NULL, NULL),
(73675, 'San Antonio', '', 0, 73, NULL, NULL, NULL),
(73678, 'San Luis', '', 0, 73, NULL, NULL, NULL),
(73686, 'Santa Isabel', '', 0, 73, NULL, NULL, NULL),
(73770, 'Suárez', '', 0, 73, NULL, NULL, NULL),
(73854, 'Valle De San Juan', '', 0, 73, NULL, NULL, NULL),
(73861, 'Venadillo', '', 0, 73, NULL, NULL, NULL),
(73870, 'Villahermosa', '', 0, 73, NULL, NULL, NULL),
(73873, 'Villarrica', '', 0, 73, NULL, NULL, NULL),
(76001, 'Cali', '', 0, 76, NULL, NULL, NULL),
(76020, 'Alcalá', '', 0, 76, NULL, NULL, NULL),
(76036, 'Andalucía', '', 0, 76, NULL, NULL, NULL),
(76041, 'Ansermanuevo', '', 0, 76, NULL, NULL, NULL),
(76054, 'Argelia', '', 0, 76, NULL, NULL, NULL),
(76100, 'Bolívar', '', 0, 76, NULL, NULL, NULL),
(76109, 'Buenaventura', '', 0, 76, NULL, NULL, NULL),
(76111, 'Guadalajara De Buga', '', 0, 76, NULL, NULL, NULL),
(76113, 'Bugalagrande', '', 0, 76, NULL, NULL, NULL),
(76122, 'Caicedonia', '', 0, 76, NULL, NULL, NULL),
(76126, 'Calima', '', 0, 76, NULL, NULL, NULL),
(76130, 'Candelaria', '', 0, 76, NULL, NULL, NULL),
(76147, 'Cartago', '', 0, 76, NULL, NULL, NULL),
(76233, 'Dagua', '', 0, 76, NULL, NULL, NULL),
(76243, 'El Águila', '', 0, 76, NULL, NULL, NULL),
(76246, 'El Cairo', '', 0, 76, NULL, NULL, NULL),
(76248, 'El Cerrito', '', 0, 76, NULL, NULL, NULL),
(76250, 'El Dovio', '', 0, 76, NULL, NULL, NULL),
(76275, 'Florida', '', 0, 76, NULL, NULL, NULL),
(76306, 'Ginebra', '', 0, 76, NULL, NULL, NULL),
(76318, 'Guacarí', '', 0, 76, NULL, NULL, NULL),
(76364, 'Jamundí', '', 0, 76, NULL, NULL, NULL),
(76377, 'La Cumbre', '', 0, 76, NULL, NULL, NULL),
(76400, 'La Unión', '', 0, 76, NULL, NULL, NULL),
(76403, 'La Victoria', '', 0, 76, NULL, NULL, NULL),
(76497, 'Obando', '', 0, 76, NULL, NULL, NULL),
(76520, 'Palmira', '', 0, 76, NULL, NULL, NULL),
(76563, 'Pradera', '', 0, 76, NULL, NULL, NULL),
(76606, 'Restrepo', '', 0, 76, NULL, NULL, NULL),
(76616, 'Riofrío', '', 0, 76, NULL, NULL, NULL),
(76622, 'Roldanillo', '', 0, 76, NULL, NULL, NULL),
(76670, 'San Pedro', '', 0, 76, NULL, NULL, NULL),
(76736, 'Sevilla', '', 0, 76, NULL, NULL, NULL),
(76823, 'Toro', '', 0, 76, NULL, NULL, NULL),
(76828, 'Trujillo', '', 0, 76, NULL, NULL, NULL),
(76834, 'Tuluá', '', 0, 76, NULL, NULL, NULL),
(76845, 'Ulloa', '', 0, 76, NULL, NULL, NULL),
(76863, 'Versalles', '', 0, 76, NULL, NULL, NULL),
(76869, 'Vijes', '', 0, 76, NULL, NULL, NULL),
(76890, 'Yotoco', '', 0, 76, NULL, NULL, NULL),
(76892, 'Yumbo', '', 0, 76, NULL, NULL, NULL),
(76895, 'Zarzal', '', 0, 76, NULL, NULL, NULL),
(81001, 'Arauca', '', 0, 81, NULL, NULL, NULL),
(81065, 'Arauquita', '', 0, 81, NULL, NULL, NULL),
(81220, 'Cravo Norte', '', 0, 81, NULL, NULL, NULL),
(81300, 'Fortul', '', 0, 81, NULL, NULL, NULL),
(81591, 'Puerto Rondón', '', 0, 81, NULL, NULL, NULL),
(81736, 'Saravena', '', 0, 81, NULL, NULL, NULL),
(81794, 'Tame', '', 0, 81, NULL, NULL, NULL),
(85001, 'Yopal', '', 0, 85, NULL, NULL, NULL),
(85010, 'Aguazul', '', 0, 85, NULL, NULL, NULL),
(85015, 'Chámeza', '', 0, 85, NULL, NULL, NULL),
(85125, 'Hato Corozal', '', 0, 85, NULL, NULL, NULL),
(85136, 'La Salina', '', 0, 85, NULL, NULL, NULL),
(85139, 'Maní', '', 0, 85, NULL, NULL, NULL),
(85162, 'Monterrey', '', 0, 85, NULL, NULL, NULL),
(85225, 'Nunchía', '', 0, 85, NULL, NULL, NULL),
(85230, 'Orocué', '', 0, 85, NULL, NULL, NULL),
(85250, 'Paz De Ariporo', '', 0, 85, NULL, NULL, NULL),
(85263, 'Pore', '', 0, 85, NULL, NULL, NULL),
(85279, 'Recetor', '', 0, 85, NULL, NULL, NULL),
(85300, 'Sabanalarga', '', 0, 85, NULL, NULL, NULL),
(85315, 'Sácama', '', 0, 85, NULL, NULL, NULL),
(85325, 'San Luis De Palenque', '', 0, 85, NULL, NULL, NULL),
(85400, 'Támara', '', 0, 85, NULL, NULL, NULL),
(85410, 'Tauramena', '', 0, 85, NULL, NULL, NULL),
(85430, 'Trinidad', '', 0, 85, NULL, NULL, NULL),
(85440, 'Villanueva', '', 0, 85, NULL, NULL, NULL),
(86001, 'Mocoa', '', 0, 86, NULL, NULL, NULL),
(86219, 'Colón', '', 0, 86, NULL, NULL, NULL),
(86320, 'Orito', '', 0, 86, NULL, NULL, NULL),
(86568, 'Puerto Asís', '', 0, 86, NULL, NULL, NULL),
(86569, 'Puerto Caicedo', '', 0, 86, NULL, NULL, NULL),
(86571, 'Puerto Guzmán', '', 0, 86, NULL, NULL, NULL),
(86573, 'Puerto Leguízamo', '', 0, 86, NULL, NULL, NULL),
(86749, 'Sibundoy', '', 0, 86, NULL, NULL, NULL),
(86755, 'San Francisco', '', 0, 86, NULL, NULL, NULL),
(86757, 'San Miguel', '', 0, 86, NULL, NULL, NULL),
(86760, 'Santiago', '', 0, 86, NULL, NULL, NULL),
(86865, 'Valle Del Guamuez', '', 0, 86, NULL, NULL, NULL),
(86885, 'Villagarzón', '', 0, 86, NULL, NULL, NULL),
(88001, 'San Andrés', '', 0, 88, NULL, NULL, NULL),
(88564, 'Providencia', '', 0, 88, NULL, NULL, NULL),
(91001, 'Leticia', '', 0, 91, NULL, NULL, NULL),
(91263, 'El Encanto', '', 0, 91, NULL, NULL, NULL),
(91405, 'La Chorrera', '', 0, 91, NULL, NULL, NULL),
(91407, 'La Pedrera', '', 0, 91, NULL, NULL, NULL),
(91430, 'La Victoria', '', 0, 91, NULL, NULL, NULL),
(91460, 'Mirití - Paraná', '', 0, 91, NULL, NULL, NULL),
(91530, 'Puerto Alegría', '', 0, 91, NULL, NULL, NULL),
(91536, 'Puerto Arica', '', 0, 91, NULL, NULL, NULL),
(91540, 'Puerto Nariño', '', 0, 91, NULL, NULL, NULL),
(91669, 'Puerto Santander', '', 0, 91, NULL, NULL, NULL),
(91798, 'Tarapacá', '', 0, 91, NULL, NULL, NULL),
(94001, 'Inírida', '', 0, 94, NULL, NULL, NULL),
(94343, 'Barrancominas', '', 0, 94, NULL, NULL, NULL),
(94883, 'San Felipe', '', 0, 94, NULL, NULL, NULL),
(94884, 'Puerto Colombia', '', 0, 94, NULL, NULL, NULL),
(94885, 'La Guadalupe', '', 0, 94, NULL, NULL, NULL),
(94886, 'Cacahual', '', 0, 94, NULL, NULL, NULL),
(94887, 'Pana Pana', '', 0, 94, NULL, NULL, NULL),
(94888, 'Morichal', '', 0, 94, NULL, NULL, NULL),
(95001, 'San José Del Guaviare', '', 0, 95, NULL, NULL, NULL),
(95015, 'Calamar', '', 0, 95, NULL, NULL, NULL),
(95025, 'El Retorno', '', 0, 95, NULL, NULL, NULL),
(95200, 'Miraflores', '', 0, 95, NULL, NULL, NULL),
(97001, 'Mitú', '', 0, 97, NULL, NULL, NULL),
(97161, 'Carurú', '', 0, 97, NULL, NULL, NULL),
(97511, 'Pacoa', '', 0, 97, NULL, NULL, NULL),
(97666, 'Taraira', '', 0, 97, NULL, NULL, NULL),
(97777, 'Papunahua', '', 0, 97, NULL, NULL, NULL),
(97889, 'Yavaraté', '', 0, 97, NULL, NULL, NULL),
(99001, 'Puerto Carreño', '', 0, 99, NULL, NULL, NULL),
(99524, 'La Primavera', '', 0, 99, NULL, NULL, NULL),
(99624, 'Santa Rosalía', '', 0, 99, NULL, NULL, NULL),
(99773, 'Cumaribo', '', 0, 99, NULL, NULL, NULL);

INSERT INTO `corregimientos` (`id_corregimiento`, `nombre`, `descripcion`, `id_municipio`) VALUES
(1, 'Chochó', 'Chochó es un corregimiento del municipio colombiano de Sincelejo (). Es el principal corregimiento de Sincelejo y el de mayor población con aproximados 7000 habitantes.', 70001),
(2, 'Las Palmas', 'Corregimiento de Sincelejo', 70001),
(3, 'Castañeda', 'Corregimiento de Sincelejo', 70001),
(4, 'La Arena', 'Corregimiento de Sincelejo', 70001),
(5, 'San Rafael', 'Corregimiento de Sincelejo', 70001),
(6, 'La Chivare', 'Corregimiento de Sincelejo', 70001),
(7, 'Las Majaguas', 'Corregimiento de Sincelejo', 70001),
(8, 'La Peñata', 'Chochó es un corregimiento del municipio colombiano de Sincelejo (). Es el principal corregimiento de Sincelejo y el de mayor población con aproximados 7000 habitantes.', 70001),
(9, 'Laguna Flor', 'Corregimiento de Sincelejo', 70001),
(10, 'Cerrito de la Palma', 'Corregimiento de Sincelejo', 70001),
(11, 'Las Huertas', 'Corregimiento de Sincelejo', 70001),
(12, 'Cruz del Beque', 'Corregimiento de Sincelejo', 70001),
(13, 'San Antonio', 'Corregimiento de Sincelejo', 70001),
(14, 'Buenavista', 'Corregimiento de Sincelejo', 70001),
(15, 'Buenavistica', 'Corregimiento de Sincelejo', 70001),
(16, 'San Martín', 'Corregimiento de Sincelejo', 70001),
(17, 'San Jacinto', 'Corregimiento de Sincelejo', 70001),
(18, 'Cerro del Naranjo', 'Corregimiento de Sincelejo', 70001),
(19, 'Babilonia', 'Corregimiento de Sincelejo', 70001),
(20, 'Sabanas del Potrero', 'Corregimiento de Sincelejo', 70001),
(21, ' La Gallera', 'Corregimiento de Sincelejo', 70001),
(22, 'Puerto Franco', 'Corregimiento de Galeras', 70235),
(23, 'Baraya', 'Corregimiento de Galeras', 70235),
(24, 'San Andres de Palomo', 'Corregimiento de Galeras', 70235),
(25, 'San José de Rivera', 'Corregimiento de Galeras', 70235),
(26, 'Pueblo Nuevo Junín', 'Corregimiento de Galeras', 70235),
(27, 'Los Altos', 'Corregimiento de toluviejo', 70823),
(28, 'Palmira', 'Corregimiento de toluviejo', 70823),
(29, 'Las Piedras', 'Corregimiento de toluviejo', 70823),
(30, 'Gualón', 'Corregimiento de toluviejo', 70823),
(31, 'Macajan', 'Corregimiento de toluviejo', 70823),
(32, 'Varsovia', 'Corregimiento de toluviejo', 70823),
(33, 'Caracol', 'Corregimiento de toluviejo', 70823),
(34, 'La Unión', 'Corregimiento de toluviejo', 70823),
(35, 'El cañito', 'Corregimiento de toluviejo', 70823),
(36, 'La Granja', 'Corregimiento de toluviejo', 70823),
(37, 'La Picche', 'Corregimiento de toluviejo', 70823),
(38, 'La esperanza', 'Corregimiento de toluviejo', 70823),
(39, 'Manica', 'Corregimiento de toluviejo', 70823),
(40, 'Moquén', 'Corregimiento de toluviejo', 70823),
(41, 'Nuevo Oriente', 'Corregimiento de toluviejo', 70823),
(42, 'La Siria', 'Corregimiento de toluviejo', 70823),
(43, 'Las Flores', 'Corregimiento de Morroa', 70473),
(44, 'El Rincón', 'Corregimiento de Morroa', 70473),
(45, 'Cambimba', 'Corregimiento de Morroa', 70473),
(46, 'Pichillín', 'Corregimiento de Morroa', 70473),
(47, 'Sabaneta', 'Corregimiento de Morroa', 70473),
(48, 'El Yeso', 'Corregimiento de Morroa', 70473),
(49, 'Tumbatoro', 'Corregimiento de Morroa', 70473),
(50, 'Sabanas de Cali', 'Corregimiento de Morroa', 70473),
(51, 'Bremen', 'Corregimiento de Morroa', 70473),
(52, 'Brisas del Mar', 'Corregimiento de Morroa', 70473),
(53, 'Capira', 'Corregimiento de Corozal', 70215),
(54, 'Palizá', 'Corregimiento de Corozal', 70215),
(55, 'Calle Nueva', 'Corregimiento de Corozal', 70215),
(56, 'Milán', 'Corregimiento de Corozal', 70215),
(57, 'Villanueva', 'Corregimiento de Corozal', 70215),
(58, 'Palma Sola', 'Corregimiento de Corozal', 70215),
(59, 'Cerezal', 'Corregimiento de Corozal', 70215),
(60, 'Corozalito', 'Corregimiento de Corozal', 70215),
(61, 'Las Brujas', 'Corregimiento de Corozal', 70215),
(62, 'Santa Elena', 'Corregimiento de Corozal', 70215),
(63, 'La Ceiba', 'Corregimiento de Chalán', 70230),
(64, 'Las Pavas', 'Corregimiento de Guaránda', 70265),
(65, 'Palmaritico', 'Corregimiento de Guaránda', 70265),
(66, 'Tierra Santa', 'Corregimiento de Guaránda', 70265),
(67, 'Las Cejas', 'Corregimiento de Guaránda', 70265),
(68, 'Puerto Lopéz', 'Corregimiento de Guaránda', 70265),
(69, 'Quebrada Seca', 'Corregimiento de Guaránda', 70265),
(70, 'Diazgrados', 'Corregimiento de Guaránda', 70265),
(71, 'Gavaldá', 'Corregimiento de Guaránda', 70265),
(72, 'La Concordia', 'Corregimiento de Guaránda', 70265),
(73, 'Nueva Esperanza', 'Corregimiento de Guaránda', 70265);

INSERT INTO `enlaces_rapidos` (`id_enlace_rapido`, `url_imagen`, `url_enlace`, `titulo`) VALUES
(1, 'https://firebasestorage.googleapis.com/v0/b/dory-qa-83409.appspot.com/o/enlaceRapidosInicioFotos%2Ffoto--3578851128901744814.jpg?alt=media&token=4a9dadb2-e357-4510-968f-213a0f7a88a7', 'https://dory-web-app-pruebas.herokuapp.com/panel-busqueda/granjas', 'Granjas'),
(2, 'https://firebasestorage.googleapis.com/v0/b/dory-qa-83409.appspot.com/o/enlaceRapidosInicioFotos%2Ffoto1666046915041?alt=media&token=9cbcb32f-8022-455f-be13-5b9d819e2cbe', 'https://dory-web-app-pruebas.herokuapp.com/piscicultores', 'Piscicultores'),
(3, 'https://firebasestorage.googleapis.com/v0/b/dory-qa-83409.appspot.com/o/enlaceRapidosInicioFotos%2Ffoto1666046931117?alt=media&token=ce372290-ff6d-44c8-a3d5-f09b1ff21895', 'https://dory-web-app-pruebas.herokuapp.com/pescadores', 'Pescadores'),
(4, 'https://firebasestorage.googleapis.com/v0/b/dory-qa-83409.appspot.com/o/enlaceRapidosInicioFotos%2Ffoto1666046945626?alt=media&token=011d76fc-4f66-4fd3-9654-b1b2ec67b3a5', 'https://dory-web-app-pruebas.herokuapp.com/asociaciones', 'Asociaciones'),
(5, 'https://firebasestorage.googleapis.com/v0/b/dory-qa-83409.appspot.com/o/enlaceRapidosInicioFotos%2Ffoto1666046959807?alt=media&token=cb0bcea0-6e38-4ed4-a8a0-3872d8feb885', 'https://dory-web-app-pruebas.herokuapp.com/panel-busqueda/productos', 'Productos'),
(6, 'https://firebasestorage.googleapis.com/v0/b/dory-qa-83409.appspot.com/o/enlaceRapidosInicioFotos%2Ffoto1666046974936?alt=media&token=7aa3f64f-be2e-4f1f-a874-03d39140081b', 'https://dory-web-app-pruebas.herokuapp.com/panel-busqueda/vehiculos', 'Vehículos');

INSERT INTO `especies` (`id_especie`, `nombre`, `descripcion`, `imagen`) VALUES
(1, 'Carpa', 'La Carpa es un pez de agua dulce, emparentado con la carpa dorada, con la cual puede incluso tener descendencia híbrida. Ha sido introducida en todos los continentes a excepción de la Antártida', 'https://firebasestorage.googleapis.com/v0/b/dory-prod-d7a48.appspot.com/o/peces%2Fcarpa.jpg?alt=media&token=d543f8f2-1dca-4c70-9671-43a60319f603'),
(2, 'Bagre Pintado', 'Es un pez de agua dulce y de clima tropical.4​ Habita en el lecho de los ríos y lagunas de inundación, entre los 5 y 200 m de altitud.', 'https://firebasestorage.googleapis.com/v0/b/dory-prod-d7a48.appspot.com/o/peces%2Fbagre-rayado.png?alt=media&token=a84e0bd6-bb66-48fe-8759-0257c995764e'),
(3, 'Bocachico', 'El bocachico es un pez de agua dulce y de clima tropical. Vive en ciénagas y ríos preferencialmente en tributarios laterales. Es originario de la cuenca del rio Magdalena, se encuentra principalmente en el fondo, es un pez succionador.', 'https://firebasestorage.googleapis.com/v0/b/dory-prod-d7a48.appspot.com/o/peces%2Fbocachico2.jpg?alt=media&token=be700cff-d5da-4dcc-8d6b-a4ab5e156dc9'),
(4, 'Tilapia', 'Tilapia es el nombre genérico con el que se denomina a un grupo de peces de origen africano, que consta de varias especies, algunas con interés económico, pertenecientes al género Oreochromis. Las especies con interés comercial se crían en piscifactorías profesionales en diversas partes del mundo.', 'https://firebasestorage.googleapis.com/v0/b/dory-prod-d7a48.appspot.com/o/peces%2Ftilapia-roja.png?alt=media&token=e4751577-bd9b-40fa-9870-eb40cd89b29e'),
(5, 'Trucha', 'Las truchas son peces de la subfamilia Salmoninae, dentro de la familia de los salmónidos; el nombre se usa específicamente para peces de tres géneros de dicha subfamilia: Salmo, que incluye las especies del Atlántico, Oncorhynchus, que incluye las especies del Pacífico, y Salvelinus.', 'https://firebasestorage.googleapis.com/v0/b/dory-prod-d7a48.appspot.com/o/peces%2Ftrucha.jpg?alt=media&token=83a868e3-003f-480a-afc8-88d7199e91fe'),
(6, 'Moncholo', 'El moncholo es una especie de bagre (un pescado bigotudo y feo de aspecto). Signifique lo que signifique es degradante y peyorativo.', 'https://firebasestorage.googleapis.com/v0/b/dory-prod-d7a48.appspot.com/o/peces%2Fmoncholo2.png?alt=media&token=ac2e369a-4c12-4281-9b09-95fc6860ddc0'),
(7, 'Mojarra', 'Las mojarras son una familia de peces incluida en el orden Perciformes. Se distribuyen por la mayoría de los mares tropicales, en estuarios ocasionalmente y son raras las especies de agua dulce.', 'https://firebasestorage.googleapis.com/v0/b/dory-prod-d7a48.appspot.com/o/peces%2Fmojarra.png?alt=media&token=741468de-9cd0-4b2e-9d7d-957bef1fd90f'),
(8, 'Cachama', 'La cachama negra es una especie de pez de la familia Serrasalmidae, conocida también como cherna, gamitana, tambaquí o pacú negro, originaria de la cuenca del Orinoco y de la Amazonia. Es la única especie del género Colossoma.', 'https://firebasestorage.googleapis.com/v0/b/dory-prod-d7a48.appspot.com/o/peces%2Fcachama2.jpg?alt=media&token=3bfd6e5e-3f33-4e9d-ab23-b9c9c6afff12'),
(9, 'Comelón', 'El comelón es un Leporinus Muyscorum.', 'https://firebasestorage.googleapis.com/v0/b/dory-prod-d7a48.appspot.com/o/peces%2Fcomelon.jpeg?alt=media&token=b471d6ec-efca-4a91-8349-03fd94409d09'),
(10, 'Viejito', 'El pez viejito, tambien llamado, La yalúa (Cyphocharax magdalenae) es una especie de peces de la familia Curimatidae en el orden de los Characiformes.', 'https://firebasestorage.googleapis.com/v0/b/dory-prod-d7a48.appspot.com/o/peces%2Fviejito.png?alt=media&token=bc79aace-02fb-436a-99fe-3c47fdcf187a'),
(11, 'Tilapia Roja', 'La tilapia roja, también conocida como mojarra roja, es un pez que taxonómicamente no responde a un solo nombre científico, (Oreochromis mossambicus). Este pez se puede reproducir en grandes espacios como estanques o en grandes ciénagas.', 'https://firebasestorage.googleapis.com/v0/b/dory-prod-d7a48.appspot.com/o/peces%2Ftilapia-roja.png?alt=media&token=e4751577-bd9b-40fa-9870-eb40cd89b29e'),
(12, 'Tilapia de Nilo', 'La tilapia del Nilo (Oreochromis niloticus) es una especie de pez de la familia Cichlidae en el orden de los Perciformes. También conocida como tilapia plateada, este pez puede medir hasta 60 cm y pesar hasta 2 kg. Es fácilmente reconocible debido a su cuerpo comprimido, a las líneas verticales separadas de color oscuro y a la barra en la aleta caudal.', 'https://firebasestorage.googleapis.com/v0/b/dory-prod-d7a48.appspot.com/o/peces%2FtilapiaDeNilo.png?alt=media&token=00e7d713-494c-42e6-a27f-bc7b5fd2fdb6'),
(13, 'Tilapia Negra', 'La tilapia negra (Oreochromis mossambicus) puede ocupar hábitats variados de agua dulce y salobre generalmente a una profundidad de hasta12 metros en el cuerpo de agua y con temperaturas de entre 17 y 35°C.', 'https://firebasestorage.googleapis.com/v0/b/dory-prod-d7a48.appspot.com/o/peces%2Ftilapia-negra.jpg?alt=media&token=cc8dbd16-3dc8-49b3-b6c0-517c6ea588d6'),
(14, 'Mojarra Amarilla', 'La Mojarra amarilla es un pez de la familia Cichlidae endémico de Colombia y Venezuela, que habita en las aguas tranquilas de las tierras bajas (ciénagas), siempre y cuando sean aguas dulces o de salinidad muy baja.', 'https://firebasestorage.googleapis.com/v0/b/dory-prod-d7a48.appspot.com/o/peces%2FmojarraAmarilla.png?alt=media&token=c0f5e44e-7554-4ac6-9de7-8c8caa7f08e4'),
(15, 'Salmón', 'También conocido como Reo, Salmón del Atlántico o Salmón europeo. Es un pescado azul y de agua dulce o agua salada. Pertenece a la familia de Salmonidae', 'https://firebasestorage.googleapis.com/v0/b/dory-prod-d7a48.appspot.com/o/peces%2Fsalmon.jpg?alt=media&token=893ba391-308f-4069-a85e-035dd887143e'),
(16, 'Pargo', ' También llamado rubiel, mazote, bocinegro o urta. Es un pescado semigraso de agua salada. Pertenece a la familia de los Sparidae. ', 'https://firebasestorage.googleapis.com/v0/b/dory-prod-d7a48.appspot.com/o/peces%2FpargoRojo.jpg?alt=media&token=2edc1f3e-77a7-4a24-a6c0-fe1553d4bb41'),
(17, 'Sierra', 'Una especie de peces de la familia Scombridae en el orden de los Perciformes.', 'https://firebasestorage.googleapis.com/v0/b/dory-prod-d7a48.appspot.com/o/peces%2Fsierra.png?alt=media&token=4fc687a5-5c19-42ee-92fa-93c41e520007');

INSERT INTO `estados_solicitudes` (`id_estado`, `descripcion`) VALUES
(1, 'Enviada'),
(2, 'Aceptada');

INSERT INTO `etnias` (`id`, `nombre`) VALUES
(0, 'Ninguno'),
(1, 'Gitano'),
(2, 'Mulato'),
(3, 'Afrodescendiente'),
(4, 'Afrocolombiano'),
(5, 'Indigena'),
(6, 'Raizal'),
(7, 'Palenquero');

INSERT INTO `eventos` (`id_evento`, `nombre`, `resumen`, `fecha`, `hora`, `imagen`, `url`, `dirigidoa`, `organizador`, `costo`, `id_modalidad_fk`, `id_tipo_evento_fk`) VALUES
(1, 'Piscicultura', 'Este sitio de cursos gratuitos es de formación online es una entidad creada para brindar cursos a distancia de piscicultura con énfasis en sistemas de manejo, alimentación, fertilización, consumo y venta, crece el interés por la piscicultura, comercialización, estación piscícola, piscicultura tropical y subtropical de agua dulce y piscicultura marina.', NULL, NULL, 'D:\\proyecto piscicola\\imagenes de cursos, congresos,capacitaciones\\1-curso-piscicultura', 'https://www.cursosgratuitosdeformaciononline.com/agricultura/piscicultura', 'El curso va dirigido y está abierto a toda persona interesada o involucrada en el sector piscícola, que quiera mejorar o actualizar su información. ', 'Plataforma de formación online', 'Gratuito', 3, 1),
(2, 'Piscicultura Continental', 'Con este curso de quiere capacitar a las personas interesadas para que realicen las acciones necesarias que conduzcan a la implementación del cultivo de peces en cautiverio como una alternativa económica rentable tanto para satisfacer necesidades nutricionales en las fincas como para establecer cultivos con fines comerciales.', NULL, NULL, 'D:proyecto piscicolaimagenes de cursos, congresos,capacitaciones2-curso-pisciculturaContinental', 'http://sis.senavirtual.edu.co/compartel/infocurso.php?semid=573', 'Personas interesadas en nuevas técnicas para nuevas implementaciones de cultivo.', 'Comunidad de aprendizaje, Sena virtual', 'Dólares', 2, 1),
(3, 'Acuicultura', 'La formación de los Cursos On-line en Acuicultura del Grupo de Acuicultura y Biodiversidad de la Universidad Politécnica Valencia, pretenden llegar a todos los rincones de habla hispana ofreciendo una enseñanza de calidad.', NULL, NULL, 'D:proyecto piscicolaimagenes de cursos, congresos,capacitaciones3-curso-Acuicultura', 'http://cursacuicultura.webs.upv.es/?gclid=CjwKCAjwoP6LBhBlEiwAvCcthJrRx6rlebIn7xS-3szBhaOKgOpKaLQzyX6vtbzAOufMK-V_1RAAPhoCovcQAvD_BwE', 'A los estudiantes, técnicos y profesionales del sector acuícola, mediante la Plataforma PoliFormaT de la UPV.', 'Universidad Politécnica de Valencia', 'Gratuita', 3, 1),
(4, 'Sistemas de Aireación', 'Es un curso online de sistemas de aireación y manejo adecuado del oxígeno en la acuicultura.', NULL, NULL, 'D:proyecto piscicolaimagenes de cursos, congresos,capacitaciones4-curso-sistemaAireacion', 'https://www.pisciculturaglobal.com/curso-sistemas-de-aireacion/', 'A interesados que deseen capacitarse en las técnicas de operación, diseño e implementación de sistemas de aireación en granjas acuícolas a diferentes densidades de cultivo y en distintos sistemas de producción.', 'Piscicultura Global. ING. FLAVIO GONZÁLEZ', 'Dólares', 3, 1),
(5, 'Cómo organizar su empresa piscícola en 10 pasos', 'Este curso permitirá capacitar a los participantes en los principales aspectos a tomar en consideración en el momento de Constituir o adecuar su Organización al crecimiento natural por diferentes motivos, sea expansión o situaciones externas de diversa índole.', NULL, NULL, 'D:proyecto piscicolaimagenes de cursos, congresos,capacitaciones5-curso-comoOrganizarSuEmpresaPiscicolaEn10Pasos', 'https://www.pisciculturaglobal.com/curso-como-organizar-su-empresa-piscicola-en-10-pasos/', 'Capacitar a los líderes, gerentes, administradores y propietarios.', 'Piscicultura Global. MsG. Francisca Scarso', 'Dólares', 3, 1),
(6, 'Biofloc Implementación Y Manejo', 'Este curso permitirá capacitar a los participantes en la implementación del Biofloc como método de producción con el objetivo de incrementar las densidades de cultivo y mejorar la rentabilidad sobre la inversión acuícola.', NULL, NULL, 'D:proyecto piscicolaimagenes de cursos, congresos,capacitaciones6-curso-BioflocImplementacionYManejo', 'https://www.pisciculturaglobal.com/curso-biofloc-implementacion-y-manejo/', 'Personas interesadas.', 'Piscicultura Global', 'Dólares', 3, 1),
(7, 'PRINCIPIOS DE LA ACUICULTURA', 'Este curso te permitirá iniciar las prácticas y conocimientos básicos de la acuicultura.  además de capacitar a los participantes en las generalidades del mundo de la acuicultura, con el objetivo de mejorar sus procesos productivos.', NULL, NULL, 'D:\\proyecto piscicola\\imagenes de cursos, congresos,capacitaciones\\7-curso-principiosDeLaAcuicultura', 'https://www.pisciculturaglobal.com/curso-principios-de-la-acuicultura/', 'Personas interesadas.', 'Piscicultura Global', 'Dólares', 3, 1),
(8, 'Producción de alevines de Tilapia con interés comercial', 'Este curso te capacitará en la producción comercial de alevines de tilapia, con el objetivo de su comercialización o utilización para su engorde dentro de las fincas acuícolas.', NULL, NULL, 'D:\\proyecto piscicola\\imagenes de cursos, congresos,capacitaciones\\8-curso-produccionDeAlevinesDeTilapiaConInteresComercial', 'https://www.pisciculturaglobal.com/curso-produccion-de-alevines-de-tilapia-con-interes-comercial/', 'Personas interesadas que hagan parte del sector Piscícola con interés comercial. ', 'Piscicultura Global', 'Dólares', 3, 1),
(9, 'Alimentación y nutrición en la acuicultura', 'Este curso te capacitará en la alimentación y nutrición en la acuicultura, con el objetivo de mejorar sus procesos dentro de las fincas acuícolas; además como profesionales y expertos en la Alimentación y Nutrición Acuícola.', NULL, NULL, 'D:\\proyecto piscicola\\imagenes de cursos, congresos,capacitaciones\\9-curso-AlimentacionYNutricionEnLaAcuicultura', 'https://www.pisciculturaglobal.com/curso-alimentacion-y-nutricion-en-la-acuicultura/', 'Personal del sector piscícola, productores entre otros.', 'Piscicultura Global', 'Dólares', 3, 1),
(10, 'Calidad de agua en la acuicultura', 'Este curso te permitirá controlar y monitorear correctamente los distintos parámetros de calidad de agua con el objetivo de obtener un óptimo rendimiento en tu producción acuícola.', NULL, NULL, 'D:\\proyecto piscicola\\imagenes de cursos, congresos,capacitaciones\\10-curso-calidadDeAguaEnLaAcuicultura', 'https://www.pisciculturaglobal.com/curso%20calidad%20de%20agua%20en%20la%20acuicultura/', 'Personal del sector piscícola, productores entre otros.', 'Piscicultura Global', 'Dólares', 3, 1),
(11, 'Tecnología Biofloc amigable con el Medio Ambiente', 'Tecnología Biofloc amigable con el Medio Ambiente. tecnología biofloc como respuesta a una necesidad del sector piscícola de practicar una piscicultura intensiva que fuera amigable con el medio ambiente y que no necesitara del uso de grandes volúmenes de agua ni de contaminar las fuentes hídricas con el vertimiento de excretas y otras sustancias de desecho. ', NULL, NULL, 'D:\\proyecto piscicola\\imagenes de cursos, congresos,capacitaciones\\11-curso-acuiculturaSostenible', 'https://www.cultivodetilapiamojarraroja.com/cursos-biofloc-para-piscicultura/', 'Estudiantes, titulados y las personas del sector piscícola.', 'Acuicultura Sostenible', 'Dólares', 3, 1),
(12, 'Piscicultura', 'Con el curso de piscicultura va a poder criar peces de distinto tipo en su hogar y con muy poca inversión.', NULL, NULL, 'D:\\proyecto piscicola\\imagenes de cursos, congresos,capacitaciones\\12-curso-Piscicultura', 'https://www.educaweb.mx/curso/piscicultura-distancia-226375/', 'Este curso es ideal para quien desea criar peces como hobby', 'Instituto americano de enseñanza técnica', 'Dólares', 3, 1),
(13, 'Piscicultura', 'Trabaja en la cría y producción de peces de todo tipo.', NULL, NULL, 'D:\\proyecto piscicola\\imagenes de cursos, congresos,capacitaciones\\13-curso-piscicultura', 'https://cursos.com/cursos/veterinaria/piscicultura/', 'Al personal del sector piscícola ', 'Cursos.com', 'Dólares', 3, 1),
(14, 'Programa capacitación en acuicultura módulo 2', 'Capacitación en acuicultura para las personas que quieran aprender y tener menos errores para obtener mejores alternativas en este sector. ', NULL, NULL, 'D:\\proyecto piscicola\\imagenes de cursos, congresos,capacitaciones\\14-capacitacion-programaCapacitacionEnAcuiculturaModulo2', 'https://repositorio.sena.edu.co/bitstream/handle/11404/3698/mod_02_cultivo_peces_estanques.PDF?sequence=1', 'Al sector piscícola ', 'Universidad de los llanos', 'Gratuito', 3, 5),
(15, 'Manual de capacitación', 'Programa de capacitación por competencias en piscicultura.', NULL, NULL, 'D:\\proyecto piscicola\\imagenes de cursos, congresos,capacitaciones\\15-capacitacion-ManualDeCapacitacion', 'http://redmujeres.org/wp-content/uploads/2019/01/capacitacion_piscicultura_tropical.pdf', 'Al sector piscícola', 'Programa de piscicultura tropical para agentes de extension rural', 'Gratuito', 3, 5),
(16, 'Acuicultura', 'VIII congreso nacional de acuicultura', '2021-11-29', NULL, 'D:\\proyecto piscicola\\imagenes de cursos, congresos,capacitaciones\\16-congresos-VIIICongresoNacionalDeAcuicultura', 'https://acuaraucania.cl/ ', 'Personal del sector piscícola, productores entre otros.', 'Acuaraucania, Universidad Católica de Temuco y la Sociedad Chilena de Acuicultura.', '$20.000', 2, 6),
(17, 'La Pesca', 'III Congreso Internacional de Pesca ', '2021-11-24', NULL, 'D:\\proyecto piscicola\\imagenes de cursos, congresos,capacitaciones\\17-congreso-IFC2021', 'http://www.internationalfishcongress.com.br/', 'Personal del sector piscícola, productores entre otros.', 'IFC internationalfish', '$25.000', 1, 6),
(18, 'Acuícultura', 'Industria Acuícola', '2022-05-23', NULL, 'D:\\proyecto piscicola\\imagenes de cursos, congresos,capacitaciones\\18-congreso-Industria-acuicola', 'https://www.aquafuturespain.com/', 'Personal del sector piscícola, productores entre otros.', 'MORENOT', '$35000', 1, 6),
(19, 'Producción Animal', 'Producción Animal', '2022-07-21', NULL, 'D:\\proyecto piscicola\\imagenes de cursos, congresos,capacitaciones\\19-congreso-producionAnimal', 'https://cienciasagrarias.medellin.unal.edu.co/copaco2022/', 'Personal del sector piscícola, productores entre otros.', 'COPACO', '$30000', 1, 6),
(20, 'Acuicultura Regional: Presente y Futuro', 'Acuicultura Regional: Presente y Futuro', '2022-08-24', NULL, 'D:\\proyecto piscicola\\imagenes de cursos, congresos,capacitaciones\\20-congreso-AcuiculturaRegional', 'http://www.cedaf.org.do/eventos/adoa_2021/es/conadoa.html', 'Personal del sector piscícola, productores entre otros.', 'CONADOA', '$40000', 1, 6),
(21, 'Alimento predigerido y péptidos bioactivos', 'Alimento predigerido y péptidos bioactivos', '2021-11-11', NULL, 'D:\\proyecto piscicola\\imagenes de cursos, congresos,capacitaciones\\22-capacitacion-alimentoPredigerido', 'https://www.bioaquafloc.com/alimento-predigerido/?fbclid=IwAR01dlvVKueyV2g5RJprqb9zUJhvzcEelvqvTV781xvqmLGGW6B6EIzp08Y', 'A toda persona interesada', 'Bioaquafloc', '35 Dolares', 3, 5),
(22, 'Acuicultura', 'El curso virtual de acuicultura, hace énfasis en el sector de la cría, cuidado y reproducción de peces, moluscos, algas y mariscos.', NULL, NULL, 'https://firebasestorage.googleapis.com/v0/b/dory-qa-83409.appspot.com/o/eventos%2FcursoN1.png?alt=media&token=d168fe6e-5caf-4087-a780-b7b70b7b486b', 'Destinados a todos aquellos interesados en aprender todo lo relacionado con la piscicultura y el sector acuícola.', 'https://www.cursosvirtualessena.com.co/cursos-de-acuicultura/ ', 'Sena Virtual', 'Gratuito', 2, 1),
(23, 'Bioseguridad en acuicultura.', 'Con éste curso de análisis de indicadores técnicos de producción en el cultivo acuícola, aprenderás a controlar prácticas de bioseguridad del cultivo acuícola según normatividad vigente.', NULL, NULL, 'https://firebasestorage.googleapis.com/v0/b/dory-qa-83409.appspot.com/o/eventos%2FcursoN2.png?alt=media&token=e86d5d23-e1dd-4762-afc1-d80dde422b8c', 'https://www.cursosvirtualessena.com.co/cursos-de-acuicultura/curso-de-bioseguridad-en-acuicultura/ ', 'Destinados a todos aquellos interesados en aprender todo lo relacionado con la piscicultura y el sector acuícola.', 'Sena Virtual', 'Gratuito', 2, 1),
(24, 'Establecimiento de cultivos piscícolas continentales en aguas cálidas. ', 'Con éste curso de establecimiento de cultivos piscícolas continentales en aguas cálidas, aprenderás a establecer la especie acuícola aplicando las buenas prácticas.', NULL, NULL, 'https://firebasestorage.googleapis.com/v0/b/dory-qa-83409.appspot.com/o/eventos%2FcursoN3.png?alt=media&token=913a505d-c424-4821-beb0-cb04c0633851', 'https://www.cursosvirtualessena.com.co/cursos-de-acuicultura/curso-de-establecimiento-de-cultivos-piscicolas-continentales-en-aguas-calidas/ ', 'Personas interesadas en los cultivos piscícolas.', 'Sena Virtual', 'Gratuito', 2, 1),
(25, 'Gestión Administrativa En La Acuicultura', 'Este curso te permitirá de manera práctica controlar los costos, gastos, ingresos y egresos de una pequeña empresa, así como elaborar flujos de caja y de ingresos presentes y proyectados, con una herramienta de Excel que podrás adaptar a tus necesidades específicas.', NULL, NULL, 'https://firebasestorage.googleapis.com/v0/b/dory-qa-83409.appspot.com/o/eventos%2FcursoN4.png?alt=media&token=552d245c-53b3-4422-a28a-a4d87ef6180e', 'https://www.pisciculturaglobal.com/curso-gestion-administrativa-en-la-acuicultura/ ', 'Especialmente para empresas acuícolas, con el objetivo de llevar a diario los movimientos contables –administrativos, necesarios para un control financiero eficaz.', 'Piscicultura Global con la colaboración de MsG. FRANCISCA SCARSO', '80 USD', 2, 1),
(26, 'Piscicultura Intensiva – Biofloc Technology ', 'Biofloc Tenhnology, hace referencia a desarrollar folículos microbianos a través de la relación de distintos elementos como el carbono, nitrógeno y oxígeno.', '2022-03-25', NULL, 'https://firebasestorage.googleapis.com/v0/b/dory-qa-83409.appspot.com/o/eventos%2FcursoN5.png?alt=media&token=951e8c93-7b9b-4a6f-b34b-eabb89887f0a', 'https://m.facebook.com/Pisc%C3%ADcola-Milagro-393961804450932/ ', 'Este curso es ideal para las personas que quieran aprender sobre la tecnología en biofloc y quieran emprender en este sector de la piscicultura. ', 'Piscícola Milagro', NULL, 1, 1),
(27, 'Acuicultura y el Cultivo de TILAPIA ', 'Por medio del presente CURSO DE ACUICULTURA ONLINE podrás adquirir esos conocimientos que necesitas para emprender en el mundo de la Acuicultura y el Cultivo de TILAPIA.', '2022-03-22', NULL, 'https://firebasestorage.googleapis.com/v0/b/dory-qa-83409.appspot.com/o/eventos%2FcursoN6.png?alt=media&token=63a503e0-c51e-4a6a-a5af-8b718e90a519', 'https://www.facebook.com/PisciculturaEcoSostenibleChireno/photos/a.262413411880752/677151700406919 ', 'Al sector piscícola y su acuicultura ', 'Piscicultura Eco Sostenible Chireno con la colaboración de ING Edwin Reyes ', '45 USD', 2, 1),
(28, 'inauguración del tercer ciclo de cursos virtuales gratuitos en acuicultura 2022 ', 'Se contará con la participación de profesionales destacados, tanto del ámbito nacional como internacional, que expondrán sus experiencias de éxito.', '2022-02-19', NULL, 'https://firebasestorage.googleapis.com/v0/b/dory-qa-83409.appspot.com/o/eventos%2FcursoN7.png?alt=media&token=05330497-4a65-4aff-ba5c-621fe52c19cc', 'https://www.formate.pe/informacion-fondepes-inauguracion-tercer-ciclo-cursos-virtuales-gratuitos-acuicultura-14029.html ', 'A todas las personas que quieran hacer partícipe de los cursos virtuales que ofrecerá Fondepes.', 'Fondepes', 'Gratuito', 2, 1),
(29, 'Acuicultura Simbiótica', 'El curso de tecnología simbiótica 1, ofrece los conocimientos y habilidades necesarias para desarrollar la tecnología simbiótica en sus cultivos acuícolas desde cero. ', '2022-02-21', NULL, 'https://firebasestorage.googleapis.com/v0/b/dory-qa-83409.appspot.com/o/eventos%2FcursoN8.png?alt=media&token=f184c47f-56fa-4116-a2b3-fc574a45d342', 'https://www.bioaquafloc.com/producto/?fbclid=IwAR2xUBGCDdtI3G7S6IGwHA5a4tyIqFAapr0HV6HdMv6UGDf16w_2m_sK_Jo ', 'Este curso está previsto para aquellos que quieran reducir los costos de producción, generar mayores cantidades de biomasa final, disminuir la afección por enfermedades e impactar menos al medio ambiente.', 'Bioaquafloc con la colaboración del Dr. Manuel Celdrán ', '135 Dolares', 2, 1),
(30, 'Biorremediación con lemna en acuicultura', 'Esta capacitación tiene como objeto la capacitación en el uso de lemna para la biorremediación de sustancias nocivas que se encuentran en el agua de los cultivos, tal como el nitrógeno amoniacal total, el nitrito o el nitrato.', '2022-01-27', NULL, 'https://firebasestorage.googleapis.com/v0/b/dory-qa-83409.appspot.com/o/eventos%2FcapacitacionN9.png?alt=media&token=c58ced12-740e-45ad-aaa0-3320aa713323', 'https://www.bioaquafloc.com/lemna-minor/ ', 'Al sector Acuícola. ', 'PhD. Manuel Celdrán Sabater', '35 Dolares', 2, 5),
(31, 'WORLD AQUACULTURE', 'La Sociedad Mundial de Acuacultura es la organización de profesionales en el ramo más importante en el mundo, con miembros de más de 100 países. Su conferencia anual es reconocida a nivel global como la más relevante para el intercambio de conocimiento, tecnología, innovación y formación de red de profesionales', '2022-05-02', NULL, 'https://firebasestorage.googleapis.com/v0/b/dory-qa-83409.appspot.com/o/eventos%2FcongresoN10.png?alt=media&token=db15b411-9dc9-4719-b73e-847259180cea', 'https://www.was.org/Meeting/pdf/WA2021RegBro-es.pdf ', 'Acuicultores', 'Centro Internacional de Congresos de Yucatán, CIC', '115 USD', 1, 6);

INSERT INTO `indexs` (`id`, `title`, `href`, `lastmodified`, `description`) VALUES
(1, 'Publicaciones de ventas de peces', '/publicaciones', '2022-11-09 00:00:00', 'Venta de pescados al pormayor y detal'),
(2, '¿Quiénes somos?', '/nosotros', '2022-11-09 04:52:55', 'Equipo, mision y visión'),
(3, 'Conoce nuestro equipo', '/equipo', '2022-11-09 04:52:55', 'Descripción del equipo'),
(4, 'Formulario de contacto', '/contacto', '2022-11-09 04:52:55', 'Contactanos'),
(5, 'Granjas piscicultoras en el departamento de Sucre', '/granjas', '2022-11-09 04:52:55', 'En esta sección se podrá ver el mapa con los distintos municipios del departamento de Sucre'),
(6, 'Granjas en el municipio de Sincelejo', '/granjas/municipio/70001', '2022-11-09 04:52:55', 'Granjas en Sincelejo'),
(7, 'Granjas en el municipio de San Onofre', '/granjas/municipio/70713', '2022-11-09 04:52:55', 'Granjas en San Onofre'),
(8, 'Granjas en el municipio de Buenavista', '/granjas/municipio/70110', '2022-11-09 02:17:55', 'Granjas en Buenavista'),
(9, 'Granjas en el municipio de Caimito', '/granjas/municipio/70124', '2022-11-09 02:17:55', 'Granjas en Caimito'),
(10, 'Granjas en el municipio de Colosó', '/granjas/municipio/70204', '2022-11-09 02:32:58', 'Granjas en Colosó'),
(11, 'Granjas en el municipio de Corozal', '/granjas/municipio/70215', '2022-11-09 02:32:58', 'Granjas en Corozal'),
(12, 'Granjas en el municipio de Coveñas', '/granjas/municipio/70221', '2022-11-09 02:32:58', 'Granjas en Coveñas'),
(13, 'Granjas en el municipio de Chalán', '/granjas/municipio/70230', '2022-11-09 02:32:58', 'Granjas en Chalán'),
(14, 'Granjas en el municipio del Roble', '/granjas/municipio/70233', '2022-11-09 02:32:58', 'Granjas en el Roble'),
(15, 'Granjas en el municipio de Galeras', '/granjas/municipio/70235', '2022-11-09 02:32:58', 'Granjas en Galeras'),
(16, 'Granjas en el municipio de Guarandá', '/granjas/municipio/70265', '2022-11-09 02:32:58', 'Granjas en Guarandá'),
(17, 'Granjas en el municipio de la Unión', '/granjas/municipio/70400', '2022-11-09 02:32:58', 'Granjas en la Unión'),
(18, 'Granjas en el municipio de los palmitos', '/granjas/municipio/70418', '2022-11-09 02:32:58', 'Granjas en los Palmitos'),
(19, 'Granjas en el municipio de majagual', '/granjas/municipio/70429', '2022-11-09 02:32:58', 'Granjas en Majagual'),
(20, 'Granjas en el municipio de Morroa', '/granjas/municipio/70473', '2022-11-09 02:45:21', 'Granjas en Morroa'),
(21, 'Granjas en el municipio de Ovejas', '/granjas/municipio/70508', '2022-11-09 02:45:21', 'Granjas en Ovejas'),
(22, 'Granjas en el municipio de Palmitos', '/granjas/municipio/70523', '2022-11-09 02:45:21', 'Granjas en Palmitos'),
(23, 'Granjas en el municipio de Sampués', '/granjas/municipio/70670', '2022-11-09 02:45:21', 'Granjas en Sampués'),
(24, 'Granjas en el municipio de San Benito Abad', '/granjas/municipio/70678', '2022-11-09 02:45:21', 'Granjas en San Benito Abad'),
(25, 'Granjas en el municipio de San Juan de Betulia', '/granjas/municipio/70702', '2022-11-09 02:45:21', 'Granjas en San Juan de Betulia'),
(26, 'Granjas en el municipio de San Marcos', '/granjas/municipio/70708', '2022-11-09 02:45:21', 'Granjas en San Marcos'),
(27, 'Granjas en el municipio de San Pedro', '/granjas/municipio/70717', '2022-11-09 02:45:21', 'Granjas en San Pedro'),
(28, 'Granjas en el municipio de San Luis de Sincé', '/granjas/municipio/70742', '2022-11-09 02:45:21', 'Granjas en Sincé'),
(29, 'Granjas en el municipio de Sucre', '/granjas/municipio/70771', '2022-11-09 02:45:21', 'Granjas en el municipio de Sucre'),
(30, 'Granjas en el municipio de Santiago de Tolú', '/granjas/municipio/70820', '2022-11-11 02:48:35', 'Granjas en Santiago de Tolú'),
(31, 'Granjas en el municipio de Tolú Viejo', '/granjas/municipio/70823', '2022-11-11 02:48:35', 'Granjas en Tolú Viejo'),
(32, 'Piscicultores en el municipio de Sincelejo', '/piscicultores/municipio/70001', '2022-11-11 04:07:18', 'Piscicultores en Sincelejo'),
(33, 'Piscicultores en el municipio de Buenavista', '/piscicultores/municipio/70110', '2022-11-11 04:07:18', 'Piscicultores en  Buenavista'),
(34, 'Piscicultores en el municipio de Caimito', '/piscicultores/municipio/70124', '2022-11-11 04:07:18', 'Piscicultores en Caimito'),
(35, 'Piscicultores en el municipio de Colosó', '/piscicultores/municipio/70204', '2022-11-11 04:07:18', 'Piscicultores en Colosó'),
(36, 'Piscicultores en el municipio de Corozal', '/piscicultores/municipio/70215', '2022-11-11 04:07:18', 'Piscicultores en Corozal'),
(37, 'Piscicultores en el municipio de Coveñas', '/piscicultores/municipio/70221', '2022-11-11 04:07:18', 'Piscicultores en Coveñas'),
(38, 'Piscicultores en el municipio de Chalán', '/piscicultores/municipio/70230', '2022-11-11 04:19:06', 'Piscicultores en Chalán'),
(39, 'Piscicultores en el municipio del Roble', '/piscicultores/municipio/70233', '2022-11-11 04:19:06', 'Piscicultores en  el Roble'),
(40, 'Piscicultores en el municipio de Galeras', '/piscicultores/municipio/70235', '2022-11-11 04:19:06', 'Piscicultores en Galeras'),
(41, 'Piscicultores en el municipio de Guarandá', '/piscicultores/municipio/70265', '2022-11-11 04:19:06', 'Piscicultores en Guarandá'),
(42, 'Piscicultores en el municipio de La Unión', '/piscicultores/municipio/70400', '2022-11-11 04:19:06', 'Piscicultores en la Unión'),
(43, 'Piscicultores en el municipio de Los Palmitos', '/piscicultores/municipio/70418', '2022-11-11 04:19:06', 'Piscicultores en los palmitos'),
(44, 'Piscicultores en el municipio de Majagual', '/piscicultores/municipio/70429', '2022-11-11 04:19:06', 'Piscicultores en Majagual'),
(45, 'Piscicultores en el municipio de Morroa', '/piscicultores/municipio/70473', '2022-11-11 04:19:06', 'Piscicultores en  Morroa'),
(46, 'Piscicultores en el municipio de Ovejas', '/piscicultores/municipio/70508', '2022-11-11 04:19:06', 'Piscicultores en Ovejas'),
(47, 'Piscicultores en el municipio de Palmitos', '/piscicultores/municipio/70523', '2022-11-11 04:19:06', 'Piscicultores en Palmitos'),
(48, 'Piscicultores en el municipio de Sampués', '/piscicultores/municipio/70670', '2022-11-11 04:19:06', 'Piscicultores en Sampués'),
(49, 'Piscicultores en el municipio de San Benito Abad', '/piscicultores/municipio/70678', '2022-11-11 04:19:06', 'Piscicultores en San Benito Abad'),
(50, 'Piscicultores en el municipio de San Juan de Betulia', '/piscicultores/municipio/70702', '2022-11-11 04:27:27', 'Piscicultores en San Juan de Betulia'),
(51, 'Piscicultores en el municipio de San Marcos', '/piscicultores/municipio/70708', '2022-11-11 04:27:27', 'Piscicultores en  San Marcos'),
(52, 'Piscicultores en el municipio de San Onofre', '/piscicultores/municipio/70713', '2022-11-11 04:27:27', 'Piscicultores en San Onofre'),
(53, 'Piscicultores en el municipio de San Pedro', '/piscicultores/municipio/70717', '2022-11-11 04:27:27', 'Piscicultores en San Pedro'),
(54, 'Piscicultores en el municipio de San Luis de Sincé', '/piscicultores/municipio/70742', '2022-11-11 04:27:27', 'Piscicultores en San Luis de Sincé'),
(55, 'Piscicultores en el municipio de Sucre', '/piscicultores/municipio/70771', '2022-11-11 04:27:27', 'Piscicultores en el municipio de Sucre'),
(56, 'Piscicultores en el municipio de Santiago de Tolú', '/piscicultores/municipio/70820', '2022-11-11 04:27:27', 'Piscicultores en Santiago de Tolú'),
(57, 'Piscicultores en el municipio de Tolú', '/piscicultores/municipio/70823', '2022-11-11 04:27:27', 'Piscicultores en  Tolú'),
(58, 'Pescadores en el municipio de Sincelejo', '/pescadores/municipio/70001', '2022-11-11 04:45:01', 'Pescadores en Sincelejo'),
(59, 'Pescadores en el municipio de Buenavista', '/pescadores/municipio/70110', '2022-11-11 04:45:01', 'Pescadores en  Buenavista'),
(60, 'Pescadores en el municipio de Caimito', '/pescadores/municipio/70124', '2022-11-11 04:45:01', 'Pescadores en Caimito'),
(61, 'Pescadores en el municipio de Colosó', '/pescadores/municipio/70204', '2022-11-11 04:45:01', 'Pescadores en Colosó'),
(62, 'Pescadores en el municipio de Corozal', '/pescadores/municipio/70215', '2022-11-11 04:45:01', 'Pescadores en Corozal'),
(63, 'Pescadores en el municipio de Coveñas', '/pescadores/municipio/70221', '2022-11-11 04:45:01', 'Pescadores en Coveñas'),
(64, 'Pescadores en el municipio de Chalán', '/pescadores/municipio/70230', '2022-11-11 04:45:01', 'Pescadores en Chalán'),
(65, 'Pescadores en el municipio del Roble', '/pescadores/municipio/70233', '2022-11-11 04:45:01', 'Pescadores en  el Roble'),
(66, 'Pescadores en el municipio de Galeras', '/pescadores/municipio/70235', '2022-11-11 04:45:01', 'Pescadores en Galeras'),
(67, 'Pescadores en el municipio de Guarandá', '/pescadores/municipio/70265', '2022-11-11 04:45:01', 'Pescadores en Guarandá'),
(68, 'Pescadores en el municipio de La Unión', '/pescadores/municipio/70400', '2022-11-11 04:45:01', 'Pescadores en la Unión'),
(69, 'Pescadores en el municipio de Los Palmitos', '/pescadores/municipio/70418', '2022-11-11 04:45:01', 'Pescadores en los palmitos'),
(70, 'Pescadores en el municipio de Majagual', '/pescadores/municipio/70429', '2022-11-11 04:45:01', 'Pescadores en Majagual'),
(71, 'Pescadores en el municipio de Morroa', '/pescadores/municipio/70473', '2022-11-11 04:45:01', 'Pescadores en  Morroa'),
(72, 'Pescadores en el municipio de Ovejas', '/pescadores/municipio/70508', '2022-11-11 04:45:01', 'Pescadores en Ovejas'),
(73, 'Pescadores en el municipio de Palmitos', '/pescadores/municipio/70523', '2022-11-11 04:45:01', 'Pescadores en Palmitos'),
(74, 'Pescadores en el municipio de Sampués', '/pescadores/municipio/70670', '2022-11-11 04:45:01', 'Pescadores en Sampués'),
(75, 'Pescadores en el municipio de San Benito Abad', '/pescadores/municipio/70678', '2022-11-11 04:45:01', 'Pescadores en San Benito Abad'),
(76, 'Pescadores en el municipio de San Juan de Betulia', '/pescadores/municipio/70702', '2022-11-11 04:45:01', 'Pescadores en San Juan de Betulia'),
(77, 'Pescadores en el municipio de San Marcos', '/pescadores/municipio/70708', '2022-11-11 04:45:01', 'Pescadores en  San Marcos'),
(78, 'Pescadores en el municipio de San Onofre', '/pescadores/municipio/70713', '2022-11-11 04:45:01', 'Pescadores en San Onofre'),
(79, 'Pescadores en el municipio de San Pedro', '/pescadores/municipio/70717', '2022-11-11 04:45:01', 'Pescadores en San Pedro'),
(80, 'Pescadores en el municipio de San Luis de Sincé', '/pescadores/municipio/70742', '2022-11-11 04:45:01', 'Pescadores en San Luis de Sincé'),
(81, 'Pescadores en el municipio de Sucre', '/pescadores/municipio/70771', '2022-11-11 04:45:01', 'Pescadores en el municipio de Sucre'),
(82, 'Pescadores en el municipio de santiago de Tolú', '/pescadores/municipio/70820', '2022-11-11 04:45:01', 'Pescadores en Santiago de Tolú'),
(83, 'Pescadores en el municipio de Tolú', '/pescadores/municipio/70823', '2022-11-11 04:45:01', 'Pescadores en  Tolú'),
(84, 'Asociaciones en el municipio de Sincelejo', '/asociaciones/municipio/70001', '2022-11-11 04:51:04', 'Asociaciones en Sincelejo'),
(85, 'Asociaciones en el municipio de Buenavista', '/asociaciones/municipio/70110', '2022-11-11 04:51:04', 'Asociaciones en  Buenavista'),
(86, 'Asociaciones en el municipio de Caimito', '/asociaciones/municipio/70124', '2022-11-11 04:51:04', 'Asociaciones en Caimito'),
(87, 'Asociaciones en el municipio de Colosó', '/asociaciones/municipio/70204', '2022-11-11 04:51:04', 'Asociaciones en Colosó'),
(88, 'Asociaciones en el municipio de Corozal', '/asociaciones/municipio/70215', '2022-11-11 04:51:04', 'Asociaciones en Corozal'),
(89, 'Asociaciones en el municipio de Coveñas', '/asociaciones/municipio/70221', '2022-11-11 04:51:04', 'Asociaciones en Coveñas'),
(90, 'Asociaciones en el municipio de Chalán', '/asociaciones/municipio/70230', '2022-11-11 04:51:04', 'Asociaciones en Chalán'),
(91, 'Asociaciones en el municipio del Roble', '/asociaciones/municipio/70233', '2022-11-11 04:51:04', 'Asociaciones en  el Roble'),
(92, 'Asociaciones en el municipio de Galeras', '/asociaciones/municipio/70235', '2022-11-11 04:51:04', 'Asociaciones en Galeras'),
(93, 'Asociaciones en el municipio de Guarandá', '/asociaciones/municipio/70265', '2022-11-11 04:51:04', 'Asociaciones en Guarandá'),
(94, 'Asociaciones en el municipio de La Unión', '/asociaciones/municipio/70400', '2022-11-11 04:51:04', 'Asociaciones en la Unión'),
(95, 'Asociaciones en el municipio de Los Palmitos', '/asociaciones/municipio/70418', '2022-11-11 04:51:04', 'Asociaciones en los palmitos'),
(96, 'Asociaciones en el municipio de Majagual', '/asociaciones/municipio/70429', '2022-11-11 04:51:04', 'Asociaciones en Majagual'),
(97, 'Asociaciones en el municipio de Morroa', '/asociaciones/municipio/70473', '2022-11-11 04:51:04', 'Asociaciones en  Morroa'),
(98, 'Asociaciones en el municipio de Ovejas', '/asociaciones/municipio/70508', '2022-11-11 04:51:04', 'Asociaciones en Ovejas'),
(99, 'Asociaciones en el municipio de Palmitos', '/asociaciones/municipio/70523', '2022-11-11 04:51:04', 'Asociaciones en Palmitos'),
(100, 'Asociaciones en el municipio de Sampués', '/asociaciones/municipio/70670', '2022-11-11 04:51:04', 'Asociaciones en Sampués'),
(101, 'Asociaciones en el municipio de San Benito Abad', '/asociaciones/municipio/70678', '2022-11-11 04:51:04', 'Asociaciones en San Benito Abad'),
(102, 'Asociaciones en el municipio de San Juan de Betulia', '/asociaciones/municipio/70702', '2022-11-11 04:51:04', 'Asociaciones en San Juan de Betulia'),
(103, 'Asociaciones en el municipio de San Marcos', '/asociaciones/municipio/70708', '2022-11-11 04:51:04', 'Asociaciones en  San Marcos'),
(104, 'Asociaciones en el municipio de San Onofre', '/asociaciones/municipio/70713', '2022-11-11 04:51:04', 'Asociaciones en San Onofre'),
(105, 'Asociaciones en el municipio de San Pedro', '/asociaciones/municipio/70717', '2022-11-11 04:51:04', 'Asociaciones en San Pedro'),
(106, 'Asociaciones en el municipio de San Luis de Sincé', '/asociaciones/municipio/70742', '2022-11-11 04:51:04', 'Asociaciones en San Luis de Sincé'),
(107, 'Asociaciones en el municipio de Sucre', '/asociaciones/municipio/70771', '2022-11-11 04:51:04', 'Asociaciones en el municipio de Sucre'),
(108, 'Asociaciones en el municipio de santiago de Tolú', '/asociaciones/municipio/70820', '2022-11-11 04:51:04', 'Asociaciones en Santiago de Tolú'),
(109, 'Asociaciones en el municipio de Tolú', '/asociaciones/municipio/70823', '2022-11-11 04:51:04', 'Asociaciones en  Tolú');



INSERT INTO `normatividades` (`id`, `nombre`, `contenido`, `url_descarga`, `id_tipo_fk`, `fecha`) VALUES
(1, '13 de 1990', 'Por la cual se dicta el estatuto general de pesca', 'https://www.funcionpublica.gov.co/eva/gestornormativo/norma.php?i=66783', 1, '2015-01-15'),
(2, '1131 de 2007', 'Por medio de la cual se aprueba el “Acuerdo entre Ecuador y Colombia sobre Pesca Artesanal', 'http://www.secretariasenado.gov.co/senado/basedoc/ley_1131_2007.html', 1, '1994-05-13'),
(3, '1780 de 2015', 'Por el cual se adiciona el Decreto 1071 de 2015, Decreto Único Reglamentario del Sector Administrativo Agropecuario, Pesquero y de Desarrollo Rural, en lo relacionado con la adopción de medidas para administrar, fomentar y controlar la actividad de la acuicultura  ', 'https://www.minagricultura.gov.co/Normatividad/Decretos/Decreto No. 1780 de 2015.pdf', 2, '2015-01-01'),
(4, '4181 de 2011', 'Por el cual se escinden unas funciones del Instituto Colombiano de Desarrollo Rural (Incoder) y del Ministerio de Agricultura y Desarrollo Rural, y se crea la Autoridad Nacional de Acuicultura y Pesca (AUNAP).” ', 'https://www.funcionpublica.gov.co/eva/gestornormativo/norma.php?i=44640', 2, '2011-02-02'),
(5, '2256 de 1991', 'Por medio de la cual se establecen los requisitos y el procedimiento para la expedición del permiso de pesca comercial artesanal a persona natural y jurídica en el territorio nacional”. El cual se reglamenta la Ley 13 de 1990', 'https://www.aunap.gov.co/wp-content/uploads/2017/06/Resoluci%C3%B3n-ULTIMA-V-REQUISITOS-Y-PROCEDIMIENTOS-PARA-PERM.-PESCA-COMERC.-ARTESANL.pdf', 2, '1991-03-03'),
(6, '2811 de 1974', 'Por el cual se dicta el Código Nacional de Recursos Naturales Renovables y de Protección al Medio Ambiente.” En el título ll del presente decreto DE LA ACUICULTURA Y DEL FOMENTO DE LA PESCA en el Artículo 286', 'https://www.funcionpublica.gov.co/eva/gestornormativo/norma.php?i=1551', 2, '1974-04-04'),
(7, '124 de 2018', 'Por la cual se modifica el artículo 1º y 2º de la Resolución 1500 del 28 de julio de 2017 y artículo 1º de la Resolución 1604 del 14 de agosto de 2017 y se establecen otras disposiciones”. El Director de la Autoridad Nacional de Acuicultura y Pesca, en ejercicio de las facultades que le confiere el Decreto 4181 del 3 de noviembre de 2011, Ley 13 de 1990 y su Decreto Reglamentario 2256 de 1991, compilado con el Decreto 1071 del 26 de mayo de 2015.', 'http://extwprlegs1.fao.org/docs/pdf/col181943.pdf', 3, '2018-05-05'),
(8, '2879 de 2017', 'Por la cual se establecen los requisitos que deben cumplir los establecimientos dedicados a la acuicultura en el país para minimizar los riesgos de escape de especímenes de recursos pesqueros ícticos de especies exóticas, domesticadas y/o trasplantadas y de camarón marino a cuerpos de agua naturales o artificiales', 'https://www.aunap.gov.co/wp-content/uploads/2015/06/resolucion-no-02879-28dic2017.pdf', 3, '2017-06-06'),
(9, '2838 de 2017', 'Por la cual se establecen las directrices técnicas y los requisitos para realizar repoblamientos y rescate, traslado y liberación con recursos pesqueros ícticos en aguas continentales de Colombia y se deroga la Resolución No. 0531 del 20 de diciembre de 1995 expedida por el Instituto Nacional de Pesca y Acuicultura — INPA\'EL DIRECTOR TÉCNICO DE ADMINISTRACIÓN Y FOMENTO DE LA AUTORIDAD NACIONAL DE ACUICULTURA Y PESCA\'', 'https://www.aunap.gov.co/wp-content/uploads/2015/06/resolucion0002838de28dic2017.pdf', 3, '2017-07-07'),
(10, '1500 de 2017', 'Por la cual se modifica el artículo 1° de la Resolución número 1257 del 28 de junio de 2017 y se establecen otras disposiciones” expedida por la Autoridad Nacional de Acuicultura y Pesca', 'https://medioambiente.uexternado.edu.co/resolucion-1500-de-2017-por-la-cual-se-modifica-el-articulo-1-de-la-resolucion-numero-1257-del-28-de-junio-de-2017-y-se-establecen-otras-disposiciones/', 3, '2017-08-08'),
(11, '1352 de 2016', 'Por la cual se establece la clasificación de los acuicultores comerciales en Colombia de acuerdo con la actividad, el sistema y el volumen de producción y se deroga la resolución No. 1352 de 2016', 'https://www.aunap.gov.co/wp-content/uploads/2016/08/1352-18-08-16.pdf', 3, '2016-01-01'),
(12, '064 de 2016 del ICA', 'establece requisitos para obtener el registro pecuario	de los establecimientos de Acuicultura. ', 'https://sioc.minagricultura.gov.co/Acuicultura/Normatividad/Resoluci%C3%B3n ICA 064 de 2016 - Registro ICA Pecuario de Establecimiento de acuicultura.pdf', 3, '2016-02-02'),
(13, '2287 de 2015 de la AUNAP', 'declara especies domesticadas a las truchas y a las tilapias roja y plateada', 'https://sioc.minagricultura.gov.co/Acuicultura/Normatividad/Resoluci%C3%B3n 2287 de 2015 AUNAP.pdf', 3, '2015-01-01'),
(14, '1924 de 2015 ', 'Por la cual se racionalizan unos trámites, señalando los requisitos para el permiso de cultivo para el ejercicio de la acuicultura de recursos limitados\" El Director General de la Autoridad Nacional de Acuicultura y Pesca — AUNAP-, en uso de las facultades legales conferidas en numeral 8 del Artículo 5° en concordancia con el Artículo 11 del Decreto No. 4181 del 3 de noviembre de 2011, y conforme a lo establecido en la Ley 13 de 1990 y el Decreto Reglamentario 2256 de 1991', 'https://sioc.minagricultura.gov.co/Acuicultura/Normatividad/Resoluci%C3%B3n 1193 de 2014 AUNAP Cultivo AREL.pdf', 3, '2015-03-03'),
(15, '601 de 2012 ', 'Por la cual se establecen los requisitos y procedimientos para el otorgamiento de permisos, autorizaciones, patentes de pesca, prórrogas, modificaciones, aclaraciones, cancelaciones y archivo de expedientes para el ejercicio de la actividad pesquera y de la acuicultura, se adoptan otras medidas para el cumplimiento de los objetivos y funciones de la AUNAP y se derogan las Resoluciones No. 0601 de 2012, No. 0729 del 2012, No. 01193 de 2014, No. 2110 del 2017 y No. 01365 de 2018', 'https://www.aunap.gov.co/images/proyectos-de-consulta/resol-601-2019.pdf', 3, '2012-04-04'),
(16, '602 de 2012 ', 'Por el cual se establece el valor de las tasas y derechos por el ejercicio de la actividad acuícola y pesca (UNAP) ', 'https://www.redjurista.com/Documents/resolucion_602_de_2012_autoridad_nacional_de_acuicultura_y_pesca.aspx#/', 3, '2012-07-07'),
(17, '301 de 2011 ministerio de agricultura', 'Por la cual se establecen las cuotas globales de pesca de las diferentes especies bajo aprovechamiento para la vigencia 2012 y se dictan otras disposiciones.', 'https://avancejuridico.com/actualidad/documentosoficiales/2011/48227/r_ma_0301_2011.html', 3, '2011-03-03'),
(18, '848 de 2008 MINISTERIO DE AMBIENTE, VIVIENDA Y DESARROLLO TERRITORIAL ', 'Por la cual se declaran unas especies exóticas como invasoras y se señalan las especies introducidas irregularmente al país que pueden ser objeto de cría en ciclo cerrado y se adoptan otras determinaciones', 'https://www.icbf.gov.co/cargues/avance/docs/resolucion_minambientevdt_0848_2008.htm', 3, '2008-07-07'),
(19, '811 de 2003', 'Por medio de la cual se modifica la Ley 101 de 1993, se crean las organizaciones de cadenas en el sector agropecuario, pesquero, forestal, acuícola, las Sociedades Agrarias de Transformación, SAT, y se dictan otras disposiciones. ', 'https://www.ica.gov.co/normatividad/normas-nacionales/leyes/2003/2003l811 ', 1, '2003-06-26'),
(20, '101 de 1993', 'Ley General de Desarrollo Agropecuario y Pesquero.', 'https://www.minagricultura.gov.co/Normatividad/Leyes/Ley%20101%20de%201993.pdf ', 1, '1993-12-23'),
(21, '1985 de 2013 ', 'por el cual se modifica la estructura del Ministerio de Agricultura y Desarrollo Rural y se determinan las funciones de sus dependencias. ', 'http://www.suin-juriscol.gov.co/viewDocument.asp?ruta=Decretos/1381213', 2, '2013-09-12'),
(22, '3800 de 2006 ', 'Por el cual se reglamenta parcialmente la Ley 811 de 2003 modificatoria de la Ley 101 de 1993, sobre Organizaciones de Cadenas en el Sector Agropecuario, Pesquero, Forestal y Acuícola. ', 'https://www.minagricultura.gov.co/Normatividad/Decretos/Decreto No. 3800 de 2006.pdf', 2, '2006-10-31'),
(23, '186 de 2018 MINISTERIO DE AGRICULTURA Y DESARROLLO RURAL. ', 'Por la cual se reglamenta parcialmente la Ley 811 de 2003 y el Decreto 3800 de 2006 sobre la inscripción de las organizaciones de cadena en el Sector Agropecuario, Forestal, Acuícola y Pesquero ante el Ministerio de Agricultura y Desarrollo Rural. ', 'https://www.ica.gov.co/normatividad/normas-nacionales/resoluciones/2008/2008r0186', 3, '2008-06-11');


INSERT INTO `usuarios` (`id`, `cedula`, `nombres`, `apellidos`, `celular`, `direccion`, `id_tipo_usuario`, `email`, `password`, `id_area_experticia`, `nombre_negocio`, `foto`, `fecha_registro`, `fecha_nacimiento`, `id_departamento`, `id_municipio`, `id_corregimiento`, `id_vereda`, `latitud`, `longitud`, `nombre_corregimiento`, `nombre_vereda`, `estaVerificado`, `otra_area_experticia`, `otra_area_experticia_descripcion`, `sobre_mi`, `informacion_adicional_direccion`, `creadoCon`, `takeTour`, `id_sexo`, `id_etnia`, `url_sisben`, `url_imagen_cedula`, `carnet`) VALUES
(-2, '', 'Administrador2', 'plataforma', '', '', -1, 'ginelect@unisucre.edu.co', '$2b$10$UWgM88HOWnwHglCV4Ybr9upS2FO4J97tkYEKqwGQhv5XQ2BvAUHiW', NULL, NULL, NULL, NULL, NULL, 70, 70001, NULL, NULL, NULL, NULL, NULL, NULL, 1, NULL, NULL, '', '', 'Google', 0, 2, 2, NULL, NULL, NULL),
(-1, '', 'Administrador', 'Plataforma', '', '', -1, 'plataforma.piscicola@gmail.com', '$2b$10$H7HDiBJg.u3bBJ.8BHmIMuKZWcaImkarQwCua9TfslxCWJf.CjAFK', NULL, NULL, 'https://firebasestorage.googleapis.com/v0/b/dory-qa-83409.appspot.com/o/perfil%2Fuser_1188?alt=media&token=389b2d5e-9572-4241-9ac3-80bc4de84a9a', '1970-01-01', '1970-01-01', 70, 70235, NULL, NULL, '0.00000000', '0.00000000', '', NULL, 1, NULL, NULL, '', '', 'email', 0, 2, 4, NULL, NULL, NULL);
